id,kind,feature_id,feature_group,direction_mode,direction,coverage,avg_rank_std,status,elapsed_s,cagr,benchmark_alpha,benchmark_beta,total_return,max_drawdown,monthly_sharpe,monthly_sortino,calmar,win_ratio,avg_n_stock,max_n_stock,trade_count,avg_turnover_proxy,match_days,avg_daily_matches,max_daily_matches,latest_matches
ml106_return_1d_high,ml_feature_single,return_1d,price_technical,high,1,0.8490103270223752,0.288813127282693,ok,5.352,0.2124090819322133,0.3019299195214415,2.003723221920353,0.8988343285902873,-0.2568702205599628,0.8281103637579877,1.850319978461406,0.8268798643554235,0.41494845360824745,10.0,10.0,410,,830,10.0,10,10
ml106_return_1d_low,ml_feature_single,return_1d,price_technical,low,-1,0.8490103270223752,0.288813127282693,ok,0.076,0.009608652331607015,0.09447007235394732,1.899432607234229,0.032348878558401406,-0.4897447986671297,0.05883823757561549,0.13142683133938288,0.019619312271685774,0.39845758354755784,10.0,10.0,410,,830,10.0,10,10
ml106_return_3d_high,ml_feature_single,return_3d,price_technical,high,1,0.8490103270223752,0.288815356089517,ok,0.084,0.07626940108997404,0.13649546885499927,1.3480254854122344,0.2772391391161022,-0.2999571493520742,0.3430426247067957,0.701556767731155,0.2542591788958062,0.38917525773195877,10.0,10.0,410,,830,10.0,10,10
ml106_return_3d_low,ml_feature_single,return_3d,price_technical,low,-1,0.8490103270223752,0.288815356089517,ok,0.077,-0.023275216942698185,0.025941108197879842,1.1015970832876167,-0.07540963897819097,-0.3487967574459159,-0.21277924351591984,-0.3755121873235071,-0.06672811362121364,0.42118863049095606,10.0,10.0,410,,830,10.0,10,10
ml106_return_5d_high,ml_feature_single,return_5d,price_technical,high,1,0.8490103270223752,0.2888163295512891,ok,0.078,-0.011256097664674836,0.07264353823460605,1.8779052261937266,-0.036985299006104255,-0.337748082314519,-0.03920552332232156,-0.074654588361358,-0.03332591654814407,0.3756476683937824,10.0,10.0,410,,830,10.0,10,10
ml106_return_5d_low,ml_feature_single,return_5d,price_technical,low,-1,0.8490103270223752,0.2888163295512891,ok,0.083,-0.00576608675708401,0.08110727088508256,1.944465319600022,-0.01906802810279995,-0.3449421834892563,-0.06454180155887673,-0.1057772961075459,-0.016715611708147362,0.43041237113402064,10.0,10.0,410,,830,10.0,10,10
ml106_return_10d_high,ml_feature_single,return_10d,price_technical,high,1,0.8490103270223752,0.2888164073949652,ok,0.076,-0.014858633306774838,0.09445561561036125,2.446754352848049,-0.0486173674486704,-0.3543467499986809,-0.006058617222609759,-0.013143461175269289,-0.04193128339400943,0.3772609819121447,10.0,10.0,410,,830,10.0,10,10
ml106_return_10d_low,ml_feature_single,return_10d,price_technical,low,-1,0.8490103270223752,0.2888164073949652,ok,0.077,-0.005087557102490647,0.12334966894070276,2.8747793174440304,-0.016837500263488514,-0.4323414483227167,-0.02483323984906773,-0.04241992288948067,-0.01176717950692091,0.42783505154639173,10.0,10.0,410,,830,10.0,10,10
ml106_volatility_5d_high,ml_feature_single,volatility_5d,price_technical,high,1,0.8490103270223752,0.2888144032019893,ok,0.077,-0.05973880112203289,0.014466538590318323,1.6609201430217369,-0.18541155585693703,-0.39442668816177684,-0.4429974976037603,-0.780815016379088,-0.15145345987067824,0.36246786632390743,10.0,10.0,409,,830,10.0,10,10
ml106_volatility_5d_low,ml_feature_single,volatility_5d,price_technical,low,-1,0.8490103270223752,0.2888144032019893,ok,0.082,0.06953433513360352,0.1624028388647208,2.078653222223951,0.25082304652289245,-0.20063089471742568,0.3253250274601661,0.6994171487288614,0.34656112968162744,0.4496124031007752,10.0,10.0,410,,830,10.0,10,10
ml106_volatility_20d_high,ml_feature_single,volatility_20d,price_technical,high,1,0.8490103270223752,0.28881552278116934,ok,0.083,-0.010612293287578956,0.06737155954141087,1.7454936867912825,-0.03489611988004948,-0.3543649582534386,-0.049113578866996854,-0.10535483604303128,-0.02994651015941525,0.3979328165374677,10.0,10.0,409,,830,10.0,10,10
ml106_volatility_20d_low,ml_feature_single,volatility_20d,price_technical,low,-1,0.8490103270223752,0.28881552278116934,ok,0.076,0.033253543999161916,0.14121453970507686,2.4164648140380494,0.1150593934695272,-0.40730346967219666,0.15861162721279515,0.30571030521530035,0.08164115963541338,0.4652956298200514,10.0,10.0,410,,830,10.0,10,10
ml106_rsi14_high,ml_feature_single,rsi14,price_technical,high,1,0.8490103270223752,0.2888145601511429,ok,0.076,0.23750208742165713,0.3283687835464584,2.033847247496623,1.0328549977201718,-0.24000349075938632,0.8591419048345269,2.5414076721741954,0.9895364076003258,0.4524421593830334,10.0,10.0,410,,830,10.0,10,10
ml106_rsi14_low,ml_feature_single,rsi14,price_technical,low,-1,0.8490103270223752,0.2888145601511429,ok,0.076,-0.015284197359830665,0.046452929889016684,1.3818471637943175,-0.04998492762823792,-0.22822558407757831,-0.16979888256834533,-0.3171270817098892,-0.06696675902490076,0.4289405684754522,10.0,10.0,410,,830,10.0,10,10
ml106_macdHist_high,ml_feature_single,macdHist,price_technical,high,1,0.8490103270223752,0.28881643207292346,ok,0.076,0.3413580402574554,0.4356795831277098,2.1111762452859972,1.658430178772483,-0.27697274185416154,1.1633881365923053,2.8414390977521085,1.2324162797016036,0.5564102564102564,10.0,10.0,408,,830,10.0,10,10
ml106_macdHist_low,ml_feature_single,macdHist,price_technical,low,-1,0.8490103270223752,0.28881643207292346,ok,0.076,0.2188793600490051,0.3383858697327532,2.6748852565783956,0.9327813296951004,-0.43256272881233915,0.6163508593174855,1.8287262483694853,0.5059943576423663,0.5051282051282051,10.0,10.0,406,,830,10.0,10,10
ml106_bb_position_high,ml_feature_single,bb_position,price_technical,high,1,0.8490103270223752,0.2888164250896485,ok,0.076,0.14837405278389437,0.20898505497761644,1.3566413794819048,0.585006891791886,-0.2757609317919303,0.7122178279157613,1.5047468264232398,0.5380336927455533,0.42930591259640105,10.0,10.0,410,,830,10.0,10,10
ml106_bb_position_low,ml_feature_single,bb_position,price_technical,low,-1,0.8490103270223752,0.2888164250896485,ok,0.083,0.014747677914479729,0.08566446911288315,1.5873133582634813,0.049947159044039235,-0.2829050924073869,0.04655257979288428,0.09177089727173872,0.052127575764829244,0.45618556701030927,10.0,10.0,409,,830,10.0,10,10
ml106_vol_ratio_5d_high,ml_feature_single,vol_ratio_5d,other,high,1,0.8490103270223752,0.28881642517212086,ok,0.076,0.055249955016087204,0.1095873660656872,1.216221108639574,0.19606622254159323,-0.3218807868238932,0.2650623759445467,0.5477397132110441,0.17164192725501806,0.4318766066838046,10.0,10.0,410,,830,10.0,10,10
ml106_vol_ratio_5d_low,ml_feature_single,vol_ratio_5d,other,low,-1,0.8490103270223752,0.28881642517212086,ok,0.076,0.050229267117985366,0.0811367391162188,0.6917944586028438,0.17722546188652943,-0.19032495783733472,0.317761406474247,0.6488936569949335,0.26389932616010886,0.4282051282051282,10.0,10.0,410,,830,10.0,10,10
ml106_vol_ratio_20d_high,ml_feature_single,vol_ratio_20d,other,high,1,0.8490103270223752,0.2888163499142047,ok,0.076,-0.06785624864695039,-0.017186407566236503,1.1341307784709187,-0.2085898139722303,-0.38216120155248745,-0.4395966981474959,-0.7692654860885438,-0.1775545838391253,0.3974358974358974,10.0,10.0,410,,830,10.0,10,10
ml106_vol_ratio_20d_low,ml_feature_single,vol_ratio_20d,other,low,-1,0.8490103270223752,0.2888163499142047,ok,0.083,0.07479976644787434,0.07170185064583166,-0.0693398989472075,0.27144200723401,-0.1327605812792646,0.5170388258047534,0.9841625569425467,0.563376056104954,0.44587628865979384,10.0,10.0,410,,830,10.0,10,10
ml106_ma20_bias_high,ml_feature_single,ma20_bias,price_technical,high,1,0.8490103270223752,0.2888163575401164,ok,0.083,0.0757723311595766,0.1398413088773513,1.434040407964736,0.27527632823061143,-0.269140012958776,0.3366261949197606,0.7866556302582697,0.28152453097292685,0.3953488372093023,10.0,10.0,410,,830,10.0,10,10
ml106_ma20_bias_low,ml_feature_single,ma20_bias,price_technical,low,-1,0.8490103270223752,0.2888163575401164,ok,0.085,0.06084328526718208,0.20326660871554175,3.187826747622954,0.21730319575367485,-0.3701489950804663,0.27537169299318187,0.5737437366937794,0.164370678751048,0.4186046511627907,10.0,10.0,410,,830,10.0,10,10
ml106_ma60_bias_high,ml_feature_single,ma60_bias,price_technical,high,1,0.8490103270223752,0.28881640785461526,ok,0.083,-0.0022773467132697345,0.10211458319107197,2.336579278784361,-0.00756171477193357,-0.36537032929279756,0.017353031777253433,0.03455507084220619,-0.0062328114862603414,0.3798449612403101,10.0,10.0,410,,830,10.0,10,10
ml106_ma60_bias_low,ml_feature_single,ma60_bias,price_technical,low,-1,0.8490103270223752,0.2888164078546153,ok,0.075,-0.019792536442688413,0.12536131538337567,3.2489435028483946,-0.06438824044673452,-0.38556716737038976,-0.09332081984416868,-0.1600861822847908,-0.05133223156773565,0.4160206718346253,10.0,10.0,410,,830,10.0,10,10
ml106_institutional_net_high,ml_feature_single,institutional_net,chip_margin_flow,high,1,0.8490103270223752,0.28881627973876844,ok,0.083,0.19221564028716132,0.30949006275695323,2.6249249891769866,0.7955705657360483,-0.2974005564647485,0.8028180421474613,1.8944226136825084,0.6462973021939262,0.4230769230769231,10.0,10.0,410,,830,10.0,10,10
ml106_institutional_net_low,ml_feature_single,institutional_net,chip_margin_flow,low,-1,0.8490103270223752,0.28881627973876844,ok,0.083,0.0858816711529713,0.18824998599682788,2.2912851930930795,0.315612702552476,-0.4212045277101817,0.3751273248355561,0.9659452267586087,0.20389057238800298,0.4230769230769231,10.0,10.0,410,,830,10.0,10,10
ml106_chip_5d_high,ml_feature_single,chip_5d,chip_margin_flow,high,1,0.8490103270223752,0.2888162874095662,ok,0.076,0.2439313920824555,0.36831319620398384,2.784007790970933,1.0682297710297384,-0.3426538194333647,0.8587894339174001,2.139627319261692,0.7118679540951391,0.441025641025641,10.0,10.0,410,,830,10.0,10,10
ml106_chip_5d_low,ml_feature_single,chip_5d,chip_margin_flow,low,-1,0.8490103270223752,0.2888162874095662,ok,0.076,0.15772542617093155,0.2752638537028428,2.6308341505289023,0.6283859915954977,-0.35161946582629244,0.6362586557455266,1.6646099100978742,0.4485557710594398,0.44358974358974357,10.0,10.0,410,,830,10.0,10,10
ml106_foreign_5d_high,ml_feature_single,foreign_5d,chip_margin_flow,high,1,0.8490103270223752,0.28881626202808025,ok,0.076,0.25113361524038624,0.3582219254601101,2.3969317062030058,1.1083661655644579,-0.3264120588582371,0.9002877246825243,2.5461565922300364,0.769352463858614,0.4461538461538462,10.0,10.0,410,,830,10.0,10,10
ml106_foreign_5d_low,ml_feature_single,foreign_5d,chip_margin_flow,low,-1,0.8490103270223752,0.28881626202808025,ok,0.083,0.1778770488246897,0.2920762019404914,2.556091980190577,0.7246774043220199,-0.3731030015942628,0.6559943316205875,1.9908652672595772,0.47673773914241646,0.4564102564102564,10.0,10.0,410,,830,10.0,10,10
ml106_sentiment_high,ml_feature_single,sentiment,sentiment,high,1,0.8490103270223752,2.917432642029564e-17,ok,0.075,-0.007382988729009665,0.022051275735841022,0.6588200112580594,-0.024368989286035703,-0.18051310455056135,-0.2328641806973774,-0.4700562557686208,-0.04089774961155634,0.4329896907216495,10.0,10.0,400,,830,10.0,10,10
ml106_sentiment_low,ml_feature_single,sentiment,sentiment,low,-1,0.8490103270223752,2.917432642029564e-17,ok,0.075,-0.007382988729009665,0.022051275735841022,0.6588200112580594,-0.024368989286035703,-0.18051310455056135,-0.2328641806973774,-0.4700562557686208,-0.04089774961155634,0.4329896907216495,10.0,10.0,400,,830,10.0,10,10
ml106_sentiment_3d_high,ml_feature_single,sentiment_3d,sentiment,high,1,0.8490103270223752,2.917432642029564e-17,ok,0.075,-0.007382988729009665,0.022051275735841022,0.6588200112580594,-0.024368989286035703,-0.18051310455056135,-0.2328641806973774,-0.4700562557686208,-0.04089774961155634,0.4329896907216495,10.0,10.0,400,,830,10.0,10,10
ml106_sentiment_3d_low,ml_feature_single,sentiment_3d,sentiment,low,-1,0.8490103270223752,2.917432642029564e-17,ok,0.075,-0.007382988729009665,0.022051275735841022,0.6588200112580594,-0.024368989286035703,-0.18051310455056135,-0.2328641806973774,-0.4700562557686208,-0.04089774961155634,0.4329896907216495,10.0,10.0,400,,830,10.0,10,10
ml106_has_sentiment_high,ml_feature_single,has_sentiment,sentiment,high,1,0.8490103270223752,2.917432642029564e-17,ok,0.076,-0.007382988729009665,0.022051275735841022,0.6588200112580594,-0.024368989286035703,-0.18051310455056135,-0.2328641806973774,-0.4700562557686208,-0.04089774961155634,0.4329896907216495,10.0,10.0,400,,830,10.0,10,10
ml106_has_sentiment_low,ml_feature_single,has_sentiment,sentiment,low,-1,0.8490103270223752,2.917432642029564e-17,ok,0.083,-0.007382988729009665,0.022051275735841022,0.6588200112580594,-0.024368989286035703,-0.18051310455056135,-0.2328641806973774,-0.4700562557686208,-0.04089774961155634,0.4329896907216495,10.0,10.0,400,,830,10.0,10,10
ml106_atr14_high,ml_feature_single,atr14,other,high,1,0.8490103270223752,0.2888163048479708,ok,0.076,0.6210741648358218,0.737253797631865,2.6004205771151274,3.994377147100727,-0.1482879342068143,1.6696966482004338,5.2657425847224575,4.188016294075142,0.5743589743589743,10.0,10.0,400,,830,10.0,10,10
ml106_atr14_low,ml_feature_single,atr14,other,low,-1,0.8490103270223752,0.2888163048479707,ok,0.083,0.09329807832767711,0.13353845504529435,0.9006906041014766,0.3457659170781593,-0.12080421959715226,0.7568572700969072,1.5635747525365378,0.7722441831663023,0.47668393782383417,10.0,10.0,404,,830,10.0,10,10
ml106_market_risk_score_high,ml_feature_single,market_risk_score,price_technical,high,1,0.8490103270223752,2.917432642029564e-17,ok,0.085,-0.007382988729009665,0.022051275735841022,0.6588200112580594,-0.024368989286035703,-0.18051310455056135,-0.2328641806973774,-0.4700562557686208,-0.04089774961155634,0.4329896907216495,10.0,10.0,400,,830,10.0,10,10
ml106_market_risk_score_low,ml_feature_single,market_risk_score,price_technical,low,-1,0.8490103270223752,2.917432642029564e-17,ok,0.083,-0.007382988729009665,0.022051275735841022,0.6588200112580594,-0.024368989286035703,-0.18051310455056135,-0.2328641806973774,-0.4700562557686208,-0.04089774961155634,0.4329896907216495,10.0,10.0,400,,830,10.0,10,10
ml106_market_risk_level_high,ml_feature_single,market_risk_level,price_technical,high,1,0.8490103270223752,2.917432642029564e-17,ok,0.075,-0.007382988729009665,0.022051275735841022,0.6588200112580594,-0.024368989286035703,-0.18051310455056135,-0.2328641806973774,-0.4700562557686208,-0.04089774961155634,0.4329896907216495,10.0,10.0,400,,830,10.0,10,10
ml106_market_risk_level_low,ml_feature_single,market_risk_level,price_technical,low,-1,0.8490103270223752,2.917432642029564e-17,ok,0.083,-0.007382988729009665,0.022051275735841022,0.6588200112580594,-0.024368989286035703,-0.18051310455056135,-0.2328641806973774,-0.4700562557686208,-0.04089774961155634,0.4329896907216495,10.0,10.0,400,,830,10.0,10,10
ml106_market_return_1d_high,ml_feature_single,market_return_1d,price_technical,high,1,0.8490103270223752,2.917432642029564e-17,ok,0.083,-0.007382988729009665,0.022051275735841022,0.6588200112580594,-0.024368989286035703,-0.18051310455056135,-0.2328641806973774,-0.4700562557686208,-0.04089774961155634,0.4329896907216495,10.0,10.0,400,,830,10.0,10,10
ml106_market_return_1d_low,ml_feature_single,market_return_1d,price_technical,low,-1,0.8490103270223752,2.917432642029564e-17,ok,0.083,-0.007382988729009665,0.022051275735841022,0.6588200112580594,-0.024368989286035703,-0.18051310455056135,-0.2328641806973774,-0.4700562557686208,-0.04089774961155634,0.4329896907216495,10.0,10.0,400,,830,10.0,10,10
ml106_market_return_5d_high,ml_feature_single,market_return_5d,price_technical,high,1,0.8490103270223752,2.917432642029564e-17,ok,0.083,-0.007382988729009665,0.022051275735841022,0.6588200112580594,-0.024368989286035703,-0.18051310455056135,-0.2328641806973774,-0.4700562557686208,-0.04089774961155634,0.4329896907216495,10.0,10.0,400,,830,10.0,10,10
ml106_market_return_5d_low,ml_feature_single,market_return_5d,price_technical,low,-1,0.8490103270223752,2.917432642029564e-17,ok,0.068,-0.007382988729009665,0.022051275735841022,0.6588200112580594,-0.024368989286035703,-0.18051310455056135,-0.2328641806973774,-0.4700562557686208,-0.04089774961155634,0.4329896907216495,10.0,10.0,400,,830,10.0,10,10
ml106_market_bias_20d_high,ml_feature_single,market_bias_20d,price_technical,high,1,0.8490103270223752,2.917432642029564e-17,ok,0.083,-0.007382988729009665,0.022051275735841022,0.6588200112580594,-0.024368989286035703,-0.18051310455056135,-0.2328641806973774,-0.4700562557686208,-0.04089774961155634,0.4329896907216495,10.0,10.0,400,,830,10.0,10,10
ml106_market_bias_20d_low,ml_feature_single,market_bias_20d,price_technical,low,-1,0.8490103270223752,2.917432642029564e-17,ok,0.09,-0.007382988729009665,0.022051275735841022,0.6588200112580594,-0.024368989286035703,-0.18051310455056135,-0.2328641806973774,-0.4700562557686208,-0.04089774961155634,0.4329896907216495,10.0,10.0,400,,830,10.0,10,10
ml106_stock_vs_market_high,ml_feature_single,stock_vs_market,other,high,1,0.8490103270223752,0.2327445139871158,ok,0.083,-0.030122590969435814,0.022727210966439274,1.1829243142106851,-0.09681365510317841,-0.2696602716318982,-0.31471923998086054,-0.562274868052442,-0.11170156349511658,0.3963730569948187,10.0,10.0,402,,830,10.0,10,10
ml106_stock_vs_market_low,ml_feature_single,stock_vs_market,other,low,-1,0.8490103270223752,0.2327445139871158,ok,0.09,-0.09798980830478676,-0.056303111128919565,0.9330632445567878,-0.2906039728906704,-0.3093431835279161,-1.1579809147343785,-1.7253387657837798,-0.3167570709546105,0.35218508997429304,10.0,10.0,408,,830,10.0,10,10
ml106_linear_factor_high,ml_feature_single,linear_factor,price_technical,high,1,0.8490103270223752,0.2888164075490153,ok,0.09,0.1855357357240095,0.17890804365908894,-0.14834602597392313,0.7622950203600678,-0.17396684163742504,1.1061957119556522,2.673590697637504,1.0664392684554744,0.4461942257217848,10.0,10.0,409,,830,10.0,10,10
ml106_linear_factor_low,ml_feature_single,linear_factor,price_technical,low,-1,0.8490103270223752,0.2888164075490153,ok,0.083,0.14261961904960518,0.22374813465752974,1.8158799119981222,0.5587188944683521,-0.08240294539746962,0.892946162803974,2.1497626951372575,1.7305487428190394,0.48429319371727747,10.0,10.0,407,,830,10.0,10,10
ml106_rsi5_dulling_high,ml_feature_single,rsi5_dulling,price_technical,high,1,0.8490103270223752,0.14827629365426026,ok,0.09,0.20600276746850787,0.2908458043334051,1.8990211414743852,0.8656360941742214,-0.2742616335979161,0.88805152574192,2.0156700143158317,0.7510903142484986,0.4794871794871795,10.0,10.0,409,,830,10.0,10,10
ml106_rsi5_dulling_low,ml_feature_single,rsi5_dulling,price_technical,low,-1,0.8490103270223752,0.14827629365426026,ok,0.083,-0.023340873504284154,0.0058113413387584426,0.6525069628978137,-0.07561654095483694,-0.2010991492055264,-0.4229831639117123,-0.8240435656921999,-0.11606072422110746,0.4160206718346253,10.0,10.0,404,,830,10.0,10,10
ml106_keltner_position_high,ml_feature_single,keltner_position,price_technical,high,1,0.8490103270223752,0.2886748437097844,ok,0.076,0.11077284943784549,0.2045031296123817,2.0979421555972717,0.41872039876416234,-0.3275652444706746,0.4767437433982697,1.0267366911120388,0.3381600145543421,0.4252577319587629,10.0,10.0,410,,830,10.0,10,10
ml106_keltner_position_low,ml_feature_single,keltner_position,price_technical,low,-1,0.8490103270223752,0.2886748437097844,ok,0.074,-0.04172076637110633,0.050272880027458514,2.0590715024779134,-0.13227336012284252,-0.3498261908999801,-0.2786885682705087,-0.4447424675694848,-0.11925800547901147,0.42408376963350786,10.0,10.0,408,,830,10.0,10,10
ml106_us_sox_return_high,ml_feature_single,us_sox_return,market_regime,high,1,0.8490103270223752,2.917432642029564e-17,ok,0.083,-0.007382988729009665,0.022051275735841022,0.6588200112580594,-0.024368989286035703,-0.18051310455056135,-0.2328641806973774,-0.4700562557686208,-0.04089774961155634,0.4329896907216495,10.0,10.0,400,,830,10.0,10,10
ml106_us_sox_return_low,ml_feature_single,us_sox_return,market_regime,low,-1,0.8490103270223752,2.917432642029564e-17,ok,0.083,-0.007382988729009665,0.022051275735841022,0.6588200112580594,-0.024368989286035703,-0.18051310455056135,-0.2328641806973774,-0.4700562557686208,-0.04089774961155634,0.4329896907216495,10.0,10.0,400,,830,10.0,10,10
ml106_us_gspc_return_high,ml_feature_single,us_gspc_return,market_regime,high,1,0.8490103270223752,2.917432642029564e-17,ok,0.075,-0.007382988729009665,0.022051275735841022,0.6588200112580594,-0.024368989286035703,-0.18051310455056135,-0.2328641806973774,-0.4700562557686208,-0.04089774961155634,0.4329896907216495,10.0,10.0,400,,830,10.0,10,10
ml106_us_gspc_return_low,ml_feature_single,us_gspc_return,market_regime,low,-1,0.8490103270223752,2.917432642029564e-17,ok,0.083,-0.007382988729009665,0.022051275735841022,0.6588200112580594,-0.024368989286035703,-0.18051310455056135,-0.2328641806973774,-0.4700562557686208,-0.04089774961155634,0.4329896907216495,10.0,10.0,400,,830,10.0,10,10
ml106_us_dxy_return_high,ml_feature_single,us_dxy_return,market_regime,high,1,0.8490103270223752,2.917432642029564e-17,ok,0.083,-0.007382988729009665,0.022051275735841022,0.6588200112580594,-0.024368989286035703,-0.18051310455056135,-0.2328641806973774,-0.4700562557686208,-0.04089774961155634,0.4329896907216495,10.0,10.0,400,,830,10.0,10,10
ml106_us_dxy_return_low,ml_feature_single,us_dxy_return,market_regime,low,-1,0.8490103270223752,2.917432642029564e-17,ok,0.075,-0.007382988729009665,0.022051275735841022,0.6588200112580594,-0.024368989286035703,-0.18051310455056135,-0.2328641806973774,-0.4700562557686208,-0.04089774961155634,0.4329896907216495,10.0,10.0,400,,830,10.0,10,10
ml106_us_hy_spread_high,ml_feature_single,us_hy_spread,market_regime,high,1,0.8490103270223752,2.917432642029564e-17,ok,0.076,-0.007382988729009665,0.022051275735841022,0.6588200112580594,-0.024368989286035703,-0.18051310455056135,-0.2328641806973774,-0.4700562557686208,-0.04089774961155634,0.4329896907216495,10.0,10.0,400,,830,10.0,10,10
ml106_us_hy_spread_low,ml_feature_single,us_hy_spread,market_regime,low,-1,0.8490103270223752,2.917432642029564e-17,ok,0.083,-0.007382988729009665,0.022051275735841022,0.6588200112580594,-0.024368989286035703,-0.18051310455056135,-0.2328641806973774,-0.4700562557686208,-0.04089774961155634,0.4329896907216495,10.0,10.0,400,,830,10.0,10,10
ml106_us_hy_spread_chg_high,ml_feature_single,us_hy_spread_chg,market_regime,high,1,0.8490103270223752,2.917432642029564e-17,ok,0.084,-0.007382988729009665,0.022051275735841022,0.6588200112580594,-0.024368989286035703,-0.18051310455056135,-0.2328641806973774,-0.4700562557686208,-0.04089774961155634,0.4329896907216495,10.0,10.0,400,,830,10.0,10,10
ml106_us_hy_spread_chg_low,ml_feature_single,us_hy_spread_chg,market_regime,low,-1,0.8490103270223752,2.917432642029564e-17,ok,0.083,-0.007382988729009665,0.022051275735841022,0.6588200112580594,-0.024368989286035703,-0.18051310455056135,-0.2328641806973774,-0.4700562557686208,-0.04089774961155634,0.4329896907216495,10.0,10.0,400,,830,10.0,10,10
ml106_us_vix_high,ml_feature_single,us_vix,market_regime,high,1,0.8490103270223752,2.917432642029564e-17,ok,0.084,-0.007382988729009665,0.022051275735841022,0.6588200112580594,-0.024368989286035703,-0.18051310455056135,-0.2328641806973774,-0.4700562557686208,-0.04089774961155634,0.4329896907216495,10.0,10.0,400,,830,10.0,10,10
ml106_us_vix_low,ml_feature_single,us_vix,market_regime,low,-1,0.8490103270223752,2.917432642029564e-17,ok,0.083,-0.007382988729009665,0.022051275735841022,0.6588200112580594,-0.024368989286035703,-0.18051310455056135,-0.2328641806973774,-0.4700562557686208,-0.04089774961155634,0.4329896907216495,10.0,10.0,400,,830,10.0,10,10
ml106_us_sentiment_score_high,ml_feature_single,us_sentiment_score,market_regime,high,1,0.8490103270223752,2.917432642029564e-17,ok,0.09,-0.007382988729009665,0.022051275735841022,0.6588200112580594,-0.024368989286035703,-0.18051310455056135,-0.2328641806973774,-0.4700562557686208,-0.04089774961155634,0.4329896907216495,10.0,10.0,400,,830,10.0,10,10
ml106_us_sentiment_score_low,ml_feature_single,us_sentiment_score,market_regime,low,-1,0.8490103270223752,2.917432642029564e-17,ok,0.092,-0.007382988729009665,0.022051275735841022,0.6588200112580594,-0.024368989286035703,-0.18051310455056135,-0.2328641806973774,-0.4700562557686208,-0.04089774961155634,0.4329896907216495,10.0,10.0,400,,830,10.0,10,10
ml106_advance_ratio_high,ml_feature_single,advance_ratio,market_regime,high,1,0.8490103270223752,2.917432642029564e-17,ok,0.075,-0.007382988729009665,0.022051275735841022,0.6588200112580594,-0.024368989286035703,-0.18051310455056135,-0.2328641806973774,-0.4700562557686208,-0.04089774961155634,0.4329896907216495,10.0,10.0,400,,830,10.0,10,10
ml106_advance_ratio_low,ml_feature_single,advance_ratio,market_regime,low,-1,0.8490103270223752,2.917432642029564e-17,ok,0.068,-0.007382988729009665,0.022051275735841022,0.6588200112580594,-0.024368989286035703,-0.18051310455056135,-0.2328641806973774,-0.4700562557686208,-0.04089774961155634,0.4329896907216495,10.0,10.0,400,,830,10.0,10,10
ml106_bull_alignment_pct_high,ml_feature_single,bull_alignment_pct,market_regime,high,1,0.8490103270223752,2.917432642029564e-17,ok,0.076,-0.007382988729009665,0.022051275735841022,0.6588200112580594,-0.024368989286035703,-0.18051310455056135,-0.2328641806973774,-0.4700562557686208,-0.04089774961155634,0.4329896907216495,10.0,10.0,400,,830,10.0,10,10
ml106_bull_alignment_pct_low,ml_feature_single,bull_alignment_pct,market_regime,low,-1,0.8490103270223752,2.917432642029564e-17,ok,0.09,-0.007382988729009665,0.022051275735841022,0.6588200112580594,-0.024368989286035703,-0.18051310455056135,-0.2328641806973774,-0.4700562557686208,-0.04089774961155634,0.4329896907216495,10.0,10.0,400,,830,10.0,10,10
ml106_revenue_yoy_high,ml_feature_single,revenue_yoy,fundamental_revenue,high,1,0.8490103270223752,2.917432642029564e-17,ok,0.076,-0.007382988729009665,0.022051275735841022,0.6588200112580594,-0.024368989286035703,-0.18051310455056135,-0.2328641806973774,-0.4700562557686208,-0.04089774961155634,0.4329896907216495,10.0,10.0,400,,830,10.0,10,10
ml106_revenue_yoy_low,ml_feature_single,revenue_yoy,fundamental_revenue,low,-1,0.8490103270223752,2.917432642029564e-17,ok,0.083,-0.007382988729009665,0.022051275735841022,0.6588200112580594,-0.024368989286035703,-0.18051310455056135,-0.2328641806973774,-0.4700562557686208,-0.04089774961155634,0.4329896907216495,10.0,10.0,400,,830,10.0,10,10
ml106_margin_balance_high,ml_feature_single,margin_balance,price_technical,high,1,0.8490103270223752,0.288760062531955,ok,0.083,0.5063645703205581,0.6550672367147269,3.3283757596490924,2.9117364723974934,-0.21257522319569955,1.22696275209144,4.166344318125814,2.3819368190723877,0.4910025706940874,10.0,10.0,402,,830,10.0,10,10
ml106_margin_balance_low,ml_feature_single,margin_balance,price_technical,low,-1,0.8490103270223752,0.288760062531955,ok,0.083,-0.03350992320352697,0.01167047495584999,1.0112619073443978,-0.10727275553420512,-0.20738348333738443,-0.40887874832543214,-0.7544975391168004,-0.16157654842516703,0.39095744680851063,10.0,10.0,401,,830,10.0,10,10
ml106_short_ratio_high,ml_feature_single,short_ratio,chip_margin_flow,high,1,0.8490103270223752,2.917432642029564e-17,ok,0.078,-0.007382988729009665,0.022051275735841022,0.6588200112580594,-0.024368989286035703,-0.18051310455056135,-0.2328641806973774,-0.4700562557686208,-0.04089774961155634,0.4329896907216495,10.0,10.0,400,,830,10.0,10,10
ml106_short_ratio_low,ml_feature_single,short_ratio,chip_margin_flow,low,-1,0.8490103270223752,2.917432642029564e-17,ok,0.069,-0.007382988729009665,0.022051275735841022,0.6588200112580594,-0.024368989286035703,-0.18051310455056135,-0.2328641806973774,-0.4700562557686208,-0.04089774961155634,0.4329896907216495,10.0,10.0,400,,830,10.0,10,10
ml106_margin_change_5d_high,ml_feature_single,margin_change_5d,price_technical,high,1,0.8490103270223752,2.917432642029564e-17,ok,0.076,-0.007382988729009665,0.022051275735841022,0.6588200112580594,-0.024368989286035703,-0.18051310455056135,-0.2328641806973774,-0.4700562557686208,-0.04089774961155634,0.4329896907216495,10.0,10.0,400,,830,10.0,10,10
ml106_margin_change_5d_low,ml_feature_single,margin_change_5d,price_technical,low,-1,0.8490103270223752,2.917432642029564e-17,ok,0.091,-0.007382988729009665,0.022051275735841022,0.6588200112580594,-0.024368989286035703,-0.18051310455056135,-0.2328641806973774,-0.4700562557686208,-0.04089774961155634,0.4329896907216495,10.0,10.0,400,,830,10.0,10,10
ml106_retail_pct_high,ml_feature_single,retail_pct,chip_margin_flow,high,1,0.8490103270223752,2.917432642029564e-17,ok,0.076,-0.007382988729009665,0.022051275735841022,0.6588200112580594,-0.024368989286035703,-0.18051310455056135,-0.2328641806973774,-0.4700562557686208,-0.04089774961155634,0.4329896907216495,10.0,10.0,400,,830,10.0,10,10
ml106_retail_pct_low,ml_feature_single,retail_pct,chip_margin_flow,low,-1,0.8490103270223752,2.917432642029564e-17,ok,0.092,-0.007382988729009665,0.022051275735841022,0.6588200112580594,-0.024368989286035703,-0.18051310455056135,-0.2328641806973774,-0.4700562557686208,-0.04089774961155634,0.4329896907216495,10.0,10.0,400,,830,10.0,10,10
ml106_margin_ratio_high,ml_feature_single,margin_ratio,price_technical,high,1,0.8490103270223752,0.2887601230142967,ok,0.09,0.041830105422884456,0.059285537179724936,0.3907007005488041,0.14617233544880204,-0.21528915946603833,0.22072981634528877,0.44953912715944305,0.1942882894973996,0.4296875,10.0,10.0,405,,830,10.0,10,10
ml106_margin_ratio_low,ml_feature_single,margin_ratio,price_technical,low,-1,0.8490103270223752,0.2887601230142967,ok,0.076,-0.03350992320352697,0.01167047495584999,1.0112619073443978,-0.10727275553420512,-0.20738348333738443,-0.40887874832543214,-0.7544975391168004,-0.16157654842516703,0.39095744680851063,10.0,10.0,401,,830,10.0,10,10
ml106_margin_change_5d_ts_high,ml_feature_single,margin_change_5d_ts,price_technical,high,1,0.8490103270223752,0.2886623313096277,ok,0.083,0.1749601967092007,0.22906075121910968,1.2109196060886276,0.7104994773305888,-0.12932851881860463,0.9822929877882141,2.5732116748901235,1.3527307897702137,0.46770025839793283,10.0,10.0,410,,830,10.0,10,10
ml106_margin_change_5d_ts_low,ml_feature_single,margin_change_5d_ts,price_technical,low,-1,0.8490103270223752,0.2886623313096277,ok,0.068,0.08197863052895049,0.12123987835511589,0.8787749993117066,0.299935336510198,-0.18062241864524042,0.5348300408070584,1.2708173892631907,0.45384229001525683,0.4896907216494845,10.0,10.0,408,,830,10.0,10,10
ml106_short_change_5d_high,ml_feature_single,short_change_5d,chip_margin_flow,high,1,0.8490103270223752,0.27550740003705365,ok,0.09,-0.007409057068620717,0.06823715816461,1.6931709107628754,-0.024454288949890546,-0.27642518798765203,-0.06834086737481498,-0.11271885192548478,-0.02680214889629633,0.44358974358974357,10.0,10.0,406,,830,10.0,10,10
ml106_short_change_5d_low,ml_feature_single,short_change_5d,chip_margin_flow,low,-1,0.8490103270223752,0.27550740003705365,ok,0.083,-0.019428650771260214,0.06833215239254395,1.9643287977329487,-0.06323139930201105,-0.2886440254347291,-0.24399768677593775,-0.43111088920805496,-0.06730774234656724,0.4082687338501292,10.0,10.0,410,,830,10.0,10,10
ml106_short_squeeze_proxy_high,ml_feature_single,short_squeeze_proxy,chip_margin_flow,high,1,0.8490103270223752,0.18298983632905572,ok,0.09,0.03578813339659637,0.16949896866104705,2.9928172351459725,0.12419173904529046,-0.4432393622213532,0.19159094695940046,0.4287023696458435,0.08074040584569238,0.43846153846153846,10.0,10.0,410,,830,10.0,10,10
ml106_short_squeeze_proxy_low,ml_feature_single,short_squeeze_proxy,chip_margin_flow,low,-1,0.8490103270223752,0.18298983632905572,ok,0.068,0.01741682246260523,0.05124873410269516,0.7572514826800782,0.059169787789354,-0.19516043660120186,0.021155935043458945,0.05136462876197532,0.0892390403275758,0.4418604651162791,10.0,10.0,403,,830,10.0,10,10
ml106_vwap_bias_high,ml_feature_single,vwap_bias,price_technical,high,1,0.8490103270223752,0.28875610882691083,ok,0.083,0.033998333584638996,0.13051098116947482,2.16021921133164,0.11773752921374281,-0.3206067733516953,0.17009212398774481,0.34591414159608896,0.10604040839543065,0.4103896103896104,10.0,10.0,410,,830,10.0,10,10
ml106_vwap_bias_low,ml_feature_single,vwap_bias,price_technical,low,-1,0.8490103270223752,0.28875610882691083,ok,0.083,0.18588449688107245,0.27861087894989334,2.075472147484822,0.7640215904397363,-0.4514600864499013,0.6548278124557457,1.4860235652965734,0.4117315907743971,0.44587628865979384,10.0,10.0,410,,830,10.0,10,10
ml106_vwap_5d_high,ml_feature_single,vwap_5d,price_technical,high,1,0.8490103270223752,0.288816421322183,ok,0.094,0.476211829919148,0.5811685158680095,2.349220076520377,2.6570784937891094,-0.1431756210440316,1.3766248040317033,4.1409591984904575,3.3258355583952537,0.5717948717948718,10.0,10.0,400,,830,10.0,10,10
ml106_vwap_5d_low,ml_feature_single,vwap_5d,price_technical,low,-1,0.8490103270223752,0.288816421322183,ok,0.083,0.17324927473762597,0.24077481992509472,1.5114079203079653,0.7022212624520905,-0.13945383075826667,0.9717272671248403,2.3286036352392485,1.242252373218686,0.4441489361702128,10.0,10.0,401,,830,10.0,10,10
ml106_vwap_bias_5d_high,ml_feature_single,vwap_bias_5d,price_technical,high,1,0.8490103270223752,0.2888164143144384,ok,0.083,0.15668266699945055,0.30084815528438924,3.2268212011320268,0.6235081966550922,-0.3967195181053479,0.5962899789776737,1.4671850826175756,0.3949357429911351,0.4392764857881137,10.0,10.0,410,,830,10.0,10,10
ml106_vwap_bias_5d_low,ml_feature_single,vwap_bias_5d,price_technical,low,-1,0.8490103270223752,0.2888164143144384,ok,0.095,0.1110989471157735,0.23402802402916364,2.751491749784872,0.4201075093784441,-0.3955543221092074,0.42516906164677215,0.9194659573897164,0.28086190009093215,0.4289405684754522,10.0,10.0,410,,830,10.0,10,10
ml106_dealer_5d_high,ml_feature_single,dealer_5d,chip_margin_flow,high,1,0.8490103270223752,0.2886687480042133,ok,0.076,0.2894298532652284,0.45303430173888193,3.6619187380746427,1.3309825604021643,-0.20927158948899727,0.9709308831190746,2.551662587689878,1.382968535225335,0.5025773195876289,10.0,10.0,407,,830,10.0,10,10
ml106_dealer_5d_low,ml_feature_single,dealer_5d,chip_margin_flow,low,-1,0.8490103270223752,0.2886687480042133,ok,0.086,0.17659565036035096,0.26449813176674325,1.967499947516163,0.7184388330278275,-0.314360841369269,0.7161515174047611,1.9320067377895547,0.56174309802771,0.47435897435897434,10.0,10.0,409,,830,10.0,10,10
ml106_dealer_ratio_5d_high,ml_feature_single,dealer_ratio_5d,chip_margin_flow,high,1,0.8490103270223752,0.2885727734899081,ok,0.073,0.18074375127123044,0.202349949273685,0.4836062959283234,0.7386914793275525,-0.11700189622202894,0.8832378493725097,2.6380045188166807,1.5446613302315084,0.43444730077120824,10.0,10.0,410,,830,10.0,10,10
ml106_dealer_ratio_5d_low,ml_feature_single,dealer_ratio_5d,chip_margin_flow,low,-1,0.8490103270223752,0.2885727734899081,ok,0.084,0.1427067456265554,0.2314112426439206,1.985451268653521,0.5591146242101446,-0.2627057927594676,0.7210494094326845,1.445069519568414,0.5431981995738343,0.46272493573264784,10.0,10.0,409,,830,10.0,10,10
ml106_foreign_consecutive_sell_high,ml_feature_single,foreign_consecutive_sell,chip_margin_flow,high,1,0.8490103270223752,2.917432642029564e-17,ok,0.079,-0.007382988729009665,0.022051275735841022,0.6588200112580594,-0.024368989286035703,-0.18051310455056135,-0.2328641806973774,-0.4700562557686208,-0.04089774961155634,0.4329896907216495,10.0,10.0,400,,830,10.0,10,10
ml106_foreign_consecutive_sell_low,ml_feature_single,foreign_consecutive_sell,chip_margin_flow,low,-1,0.8490103270223752,2.917432642029564e-17,ok,0.078,-0.007382988729009665,0.022051275735841022,0.6588200112580594,-0.024368989286035703,-0.18051310455056135,-0.2328641806973774,-0.4700562557686208,-0.04089774961155634,0.4329896907216495,10.0,10.0,400,,830,10.0,10,10
ml106_foreign_net_5d_market_high,ml_feature_single,foreign_net_5d_market,chip_margin_flow,high,1,0.8490103270223752,2.917432642029564e-17,ok,0.077,-0.007382988729009665,0.022051275735841022,0.6588200112580594,-0.024368989286035703,-0.18051310455056135,-0.2328641806973774,-0.4700562557686208,-0.04089774961155634,0.4329896907216495,10.0,10.0,400,,830,10.0,10,10
ml106_foreign_net_5d_market_low,ml_feature_single,foreign_net_5d_market,chip_margin_flow,low,-1,0.8490103270223752,2.917432642029564e-17,ok,0.078,-0.007382988729009665,0.022051275735841022,0.6588200112580594,-0.024368989286035703,-0.18051310455056135,-0.2328641806973774,-0.4700562557686208,-0.04089774961155634,0.4329896907216495,10.0,10.0,400,,830,10.0,10,10
ml106_limit_down_count_high,ml_feature_single,limit_down_count,market_regime,high,1,0.8490103270223752,2.917432642029564e-17,ok,0.079,-0.007382988729009665,0.022051275735841022,0.6588200112580594,-0.024368989286035703,-0.18051310455056135,-0.2328641806973774,-0.4700562557686208,-0.04089774961155634,0.4329896907216495,10.0,10.0,400,,830,10.0,10,10
ml106_limit_down_count_low,ml_feature_single,limit_down_count,market_regime,low,-1,0.8490103270223752,2.917432642029564e-17,ok,0.079,-0.007382988729009665,0.022051275735841022,0.6588200112580594,-0.024368989286035703,-0.18051310455056135,-0.2328641806973774,-0.4700562557686208,-0.04089774961155634,0.4329896907216495,10.0,10.0,400,,830,10.0,10,10
ml106_limit_down_pct_high,ml_feature_single,limit_down_pct,market_regime,high,1,0.8490103270223752,2.917432642029564e-17,ok,0.084,-0.007382988729009665,0.022051275735841022,0.6588200112580594,-0.024368989286035703,-0.18051310455056135,-0.2328641806973774,-0.4700562557686208,-0.04089774961155634,0.4329896907216495,10.0,10.0,400,,830,10.0,10,10
ml106_limit_down_pct_low,ml_feature_single,limit_down_pct,market_regime,low,-1,0.8490103270223752,2.917432642029564e-17,ok,0.076,-0.007382988729009665,0.022051275735841022,0.6588200112580594,-0.024368989286035703,-0.18051310455056135,-0.2328641806973774,-0.4700562557686208,-0.04089774961155634,0.4329896907216495,10.0,10.0,400,,830,10.0,10,10
ml106_adl_value_high,ml_feature_single,adl_value,market_regime,high,1,0.8490103270223752,2.917432642029564e-17,ok,0.084,-0.007382988729009665,0.022051275735841022,0.6588200112580594,-0.024368989286035703,-0.18051310455056135,-0.2328641806973774,-0.4700562557686208,-0.04089774961155634,0.4329896907216495,10.0,10.0,400,,830,10.0,10,10
ml106_adl_value_low,ml_feature_single,adl_value,market_regime,low,-1,0.8490103270223752,2.917432642029564e-17,ok,0.077,-0.007382988729009665,0.022051275735841022,0.6588200112580594,-0.024368989286035703,-0.18051310455056135,-0.2328641806973774,-0.4700562557686208,-0.04089774961155634,0.4329896907216495,10.0,10.0,400,,830,10.0,10,10
ml106_adl_trend_numeric_high,ml_feature_single,adl_trend_numeric,market_regime,high,1,0.8490103270223752,2.917432642029564e-17,ok,0.076,-0.007382988729009665,0.022051275735841022,0.6588200112580594,-0.024368989286035703,-0.18051310455056135,-0.2328641806973774,-0.4700562557686208,-0.04089774961155634,0.4329896907216495,10.0,10.0,400,,830,10.0,10,10
ml106_adl_trend_numeric_low,ml_feature_single,adl_trend_numeric,market_regime,low,-1,0.8490103270223752,2.917432642029564e-17,ok,0.081,-0.007382988729009665,0.022051275735841022,0.6588200112580594,-0.024368989286035703,-0.18051310455056135,-0.2328641806973774,-0.4700562557686208,-0.04089774961155634,0.4329896907216495,10.0,10.0,400,,830,10.0,10,10
ml106_ma5_bias_high,ml_feature_single,ma5_bias,price_technical,high,1,0.8490103270223752,0.288815946736158,ok,0.079,0.12352121058849597,0.2703525814929726,3.286491006012453,0.47365739054553746,-0.44934382764651215,0.4925909065270003,1.1795882464361682,0.2748862989226942,0.4315245478036176,10.0,10.0,410,,830,10.0,10,10
ml106_ma5_bias_low,ml_feature_single,ma5_bias,price_technical,low,-1,0.8490103270223752,0.288815946736158,ok,0.08,0.07599854549760199,0.19743441902039705,2.7180697400119653,0.27616933296338897,-0.4694374491044907,0.3201448753064424,0.6862406160548428,0.16188935660972364,0.4315245478036176,10.0,10.0,410,,830,10.0,10,10
ml106_ma10_bias_high,ml_feature_single,ma10_bias,price_technical,high,1,0.8490103270223752,0.28881638710826274,ok,0.08,0.09144734306772584,0.21690339467527125,2.808052412220993,0.33819650419579705,-0.35447792412180357,0.3797913526029616,0.8538065909883429,0.25797026314584454,0.4496124031007752,10.0,10.0,409,,830,10.0,10,10
ml106_ma10_bias_low,ml_feature_single,ma10_bias,price_technical,low,-1,0.8490103270223752,0.28881638710826274,ok,0.08,0.09468987022038866,0.22769167086430186,2.9769470849935025,0.35147797173275075,-0.3863434029168902,0.39241664745714355,0.8953237371475425,0.24508615559096739,0.4780361757105943,10.0,10.0,409,,830,10.0,10,10
ml106_bb_upper_raw_high,ml_feature_single,bb_upper_raw,price_technical,high,1,0.8490103270223752,0.2888164320424432,ok,0.081,0.5126904764645852,0.6226687641320334,2.4616173713372103,2.9666941495908983,-0.15124244383897734,1.4447914810374534,4.403040954621825,3.389634332192299,0.5717948717948718,10.0,10.0,400,,830,10.0,10,10
ml106_bb_upper_raw_low,ml_feature_single,bb_upper_raw,price_technical,low,-1,0.8490103270223752,0.2888164320424432,ok,0.087,0.20417755272525207,0.2826612184200448,1.7566808770901379,0.8562524763403134,-0.1559455112070124,1.0473691043129787,2.5181989431015785,1.3092038309196437,0.4417989417989418,10.0,10.0,402,,830,10.0,10,10
ml106_bb_lower_raw_high,ml_feature_single,bb_lower_raw,price_technical,high,1,0.8490103270223752,0.2888164320424432,ok,0.08,0.46163260808756545,0.5755976334861967,2.550851556213065,2.538211507100893,-0.1346403182765623,1.321298763700008,4.084643434906701,3.4283811133621267,0.5666666666666667,10.0,10.0,401,,830,10.0,10,10
ml106_bb_lower_raw_low,ml_feature_single,bb_lower_raw,price_technical,low,-1,0.8490103270223752,0.2888164320424432,ok,0.082,0.22121017123757492,0.2997049824164821,1.75693034376116,0.9451134961225001,-0.15152605720396162,1.1042513883186402,2.8483161183467143,1.4597857125174811,0.43157894736842106,10.0,10.0,403,,830,10.0,10,10
ml106_KMID_high,ml_feature_single,KMID,price_technical,high,1,0.8490103270223752,0.28853128641534825,ok,0.085,0.2482570719195467,0.39851387922957004,3.3631617192881547,1.0922710771442166,-0.3352650538468207,0.8947735732653767,2.206000356977668,0.7404579287099885,0.43523316062176165,10.0,10.0,409,,830,10.0,10,10
ml106_KMID_low,ml_feature_single,KMID,price_technical,low,-1,0.8490103270223752,0.28853128641534825,ok,0.08,0.2769077383192815,0.3782041378521364,2.2672927723514156,1.2564675355136448,-0.440712743673908,0.8616973451827648,1.987486108276684,0.6283037176864336,0.45219638242894056,10.0,10.0,410,,830,10.0,10,10
ml106_KLEN_high,ml_feature_single,KLEN,price_technical,high,1,0.8490103270223752,0.28870424444238746,ok,0.078,0.1705486514243293,0.330450117566503,3.5790357815724554,0.6892115267517016,-0.38736495329600396,0.6068693319881608,1.3940116616129616,0.4402676269418181,0.42930591259640105,10.0,10.0,410,,830,10.0,10,10
ml106_KLEN_low,ml_feature_single,KLEN,price_technical,low,-1,0.8490103270223752,0.28870424444238746,ok,0.076,0.04615794850779542,0.040322012456645476,-0.13062434291542363,0.16210057321221516,-0.1924327475921601,0.2751222092377057,0.5594745316354773,0.23985288656144627,0.42191780821917807,10.0,10.0,410,,830,10.0,10,10
ml106_KMID2_high,ml_feature_single,KMID2,price_technical,high,1,0.8490103270223752,0.2884824789459641,ok,0.079,-0.01834348313231271,-0.028651054682567477,-0.23071187706733634,-0.0597755646078133,-0.26553106551213723,-0.34802357410856477,-0.6140238994576179,-0.06907964723623614,0.40633245382585753,10.0,10.0,410,,830,10.0,10,10
ml106_KMID2_low,ml_feature_single,KMID2,price_technical,low,-1,0.8490103270223752,0.2884824789459641,ok,0.09,-0.010255000522836566,0.016614595313177178,0.6014156546130617,-0.03373531889925785,-0.20231254343714267,-0.1845538387648053,-0.28361074311382606,-0.05068639583419718,0.41968911917098445,10.0,10.0,410,,830,10.0,10,10
ml106_KUP_high,ml_feature_single,KUP,price_technical,high,1,0.8490103270223752,0.2837255896570839,ok,0.068,0.13225381566812677,0.2167818440591734,1.8919703831129262,0.512136888030484,-0.36236029501035705,0.5042933300383275,1.315946575474317,0.3649687004955712,0.4498714652956298,10.0,10.0,410,,830,10.0,10,10
ml106_KUP_low,ml_feature_single,KUP,price_technical,low,-1,0.8490103270223752,0.2837255896570839,ok,0.083,-0.07036467337049335,-0.04895474920796538,0.4792131461153,-0.21565789589375528,-0.2581523142339911,-1.0679681019130274,-1.8453813742564746,-0.27255981795513645,0.3963730569948187,10.0,10.0,406,,830,10.0,10,10
ml106_KUP2_high,ml_feature_single,KUP2,price_technical,high,1,0.8490103270223752,0.2837151675419148,ok,0.083,0.07510282180653083,0.15921229664176356,1.8826020002650197,0.2726359318829774,-0.19778641626976323,0.46429285394254055,0.7483286292132921,0.3796975861488935,0.47668393782383417,10.0,10.0,409,,830,10.0,10,10
ml106_KUP2_low,ml_feature_single,KUP2,price_technical,low,-1,0.8490103270223752,0.2837151675419148,ok,0.092,-0.07036467337049335,-0.04895474920796538,0.4792131461153,-0.21565789589375528,-0.2581523142339911,-1.0679681019130274,-1.8453813742564746,-0.27255981795513645,0.3963730569948187,10.0,10.0,406,,830,10.0,10,10
ml106_KLOW_high,ml_feature_single,KLOW,price_technical,high,1,0.8490103270223752,0.284277572823792,ok,0.083,0.11508203157544328,0.2405773249009269,2.808930750087558,0.4371268838632063,-0.2991935949723702,0.52083573025954,0.9726158995852155,0.38462783706215314,0.450261780104712,10.0,10.0,410,,830,10.0,10,10
ml106_KLOW_low,ml_feature_single,KLOW,price_technical,low,-1,0.8490103270223752,0.284277572823792,ok,0.081,0.00626552252793422,0.021060140455224648,0.3311443491667905,0.021011975529955818,-0.13611544288977873,-0.0798954591632305,-0.14406795617188925,0.0460275639507556,0.4244791666666667,10.0,10.0,406,,830,10.0,10,10
ml106_KLOW2_high,ml_feature_single,KLOW2,price_technical,high,1,0.8490103270223752,0.2842666612064596,ok,0.081,-0.08368982143224524,-0.027604721831000004,1.2553391981248956,-0.25246605406056344,-0.3430045137390042,-1.0640486152155744,-1.7051373318269454,-0.24398332455379382,0.3704663212435233,10.0,10.0,410,,830,10.0,10,10
ml106_KLOW2_low,ml_feature_single,KLOW2,price_technical,low,-1,0.8490103270223752,0.2842666612064596,ok,0.072,0.00626552252793422,0.021060140455224648,0.3311443491667905,0.021011975529955818,-0.13611544288977873,-0.0798954591632305,-0.14406795617188925,0.0460275639507556,0.4244791666666667,10.0,10.0,406,,830,10.0,10,10
ml106_KSFT_high,ml_feature_single,KSFT,price_technical,high,1,0.8490103270223752,0.28869330586109365,ok,0.076,0.06077109688920368,0.15819677141275798,2.1806552721261463,0.21702744053116207,-0.30518317152079877,0.2800416461770304,0.5651986075947474,0.19912338335218013,0.4103896103896104,10.0,10.0,410,,830,10.0,10,10
ml106_KSFT_low,ml_feature_single,KSFT,price_technical,low,-1,0.8490103270223752,0.28869330586109365,ok,0.079,0.15898708748333057,0.26177016623658333,2.3005687532032306,0.6343014585333311,-0.46773006589387756,0.6016463949597696,1.2216326017739443,0.3399047870305857,0.44072164948453607,10.0,10.0,410,,830,10.0,10,10
ml106_KSFT2_high,ml_feature_single,KSFT2,price_technical,high,1,0.8490103270223752,0.28756819158909125,ok,0.084,-0.09055425460119959,-0.06101447634548185,0.6611817008790086,-0.2709478198334839,-0.3559174191008788,-1.2666417210109862,-1.8697599565277916,-0.2544177541307494,0.3785900783289817,10.0,10.0,408,,830,10.0,10,10
ml106_KSFT2_low,ml_feature_single,KSFT2,price_technical,low,-1,0.8490103270223752,0.28756819158909125,ok,0.076,-0.06599961753047667,-0.04327548389263902,0.5086287784424782,-0.20332970362980984,-0.2194154792034113,-0.7411505153785028,-1.1400406707316981,-0.30078374567109345,0.390745501285347,10.0,10.0,408,,830,10.0,10,10
ml106_IMAX_20_high,ml_feature_single,IMAX_20,price_technical,high,1,0.8490103270223752,0.2862718002783807,ok,0.084,-0.14291350026735883,-0.11212001679060507,0.689243081139543,-0.4015554711859066,-0.4291243202705829,-1.3703921271102588,-1.8108097387698028,-0.333027431078566,0.37275064267352187,10.0,10.0,409,,830,10.0,10,10
ml106_IMAX_20_low,ml_feature_single,IMAX_20,price_technical,low,-1,0.8490103270223752,0.28627180027838073,ok,0.088,-0.028011827189906247,0.026558605760965345,1.2214367814077047,-0.09025304966681869,-0.42147082771102184,-0.18555567055514574,-0.3271362046360684,-0.06646050151802368,0.43041237113402064,10.0,10.0,410,,830,10.0,10,10
ml106_IMIN_20_high,ml_feature_single,IMIN_20,price_technical,high,1,0.8490103270223752,0.2776509870935797,ok,0.08,0.10600118711279816,0.16928671244254162,1.4165045829496665,0.39853159632905677,-0.18265483538954708,0.6028733454001812,1.1658357386076141,0.5803042872851927,0.4689119170984456,10.0,10.0,410,,830,10.0,10,10
ml106_IMIN_20_low,ml_feature_single,IMIN_20,price_technical,low,-1,0.8490103270223752,0.2776509870935797,ok,0.083,-0.06533740162851154,0.026294160757706173,2.050967063742039,-0.20144764521849257,-0.3232771895934736,-0.5166070326401347,-0.8454956683308973,-0.20210328071047867,0.39690721649484534,10.0,10.0,410,,830,10.0,10,10
ml106_IMXD_20_high,ml_feature_single,IMXD_20,price_technical,high,1,0.8490103270223752,0.28820545850843443,ok,0.079,0.0044786965092264985,0.06771949711296227,1.4155035202417143,0.014988522660726256,-0.2990811407420384,-0.02076199398085126,-0.039229222188460665,0.014974353630518621,0.4190231362467866,10.0,10.0,409,,830,10.0,10,10
ml106_IMXD_20_low,ml_feature_single,IMXD_20,price_technical,low,-1,0.8490103270223752,0.28820545850843443,ok,0.078,0.1498800760766914,0.23837376185629072,1.9807327317862506,0.5919377339517047,-0.28000730545254804,0.617580100269255,1.3891033996882602,0.5352529045819642,0.4601542416452442,10.0,10.0,410,,830,10.0,10,10
ml106_BETA_20_high,ml_feature_single,BETA_20,price_technical,high,1,0.8490103270223752,0.2888164260162793,ok,0.073,0.425641304032494,0.5004384835961332,1.674167151043772,2.256380000759726,-0.301039073183064,1.117169003561477,3.296425104609598,1.4138602040261625,0.5012853470437018,10.0,10.0,409,,830,10.0,10,10
ml106_BETA_20_low,ml_feature_single,BETA_20,price_technical,low,-1,0.8490103270223752,0.2888164260162793,ok,0.084,-0.04448627437899744,0.09018352575125396,3.0142815134342054,-0.14058236259035806,-0.31695199069916646,-0.19009424178358547,-0.3229686583043012,-0.14035207906433186,0.43376623376623374,10.0,10.0,407,,830,10.0,10,10
ml106_RSQR_20_high,ml_feature_single,RSQR_20,price_technical,high,1,0.8490103270223752,0.28881642517861356,ok,0.087,0.1997830109927048,0.2522099191412553,1.1734587850122675,0.8337952194969316,-0.1815529209271679,1.0360543005281957,2.628319895575187,1.1003513821681998,0.4909560723514212,10.0,10.0,409,,830,10.0,10,10
ml106_RSQR_20_low,ml_feature_single,RSQR_20,price_technical,low,-1,0.8490103270223752,0.28881642517861356,ok,0.067,0.07244802494044333,0.17153994872623768,2.2179505257248433,0.2622036469530944,-0.16486136729734246,0.36045152267197933,0.6499299448747715,0.43942150858605217,0.4358974358974359,10.0,10.0,407,,830,10.0,10,10
ml106_RESI_20_high,ml_feature_single,RESI_20,price_technical,high,1,0.8490103270223752,0.2888164135987653,ok,0.076,0.1199392160077204,0.28966153237796055,3.798853493190314,0.45807370152229576,-0.34524258621150083,0.45943432320038985,0.9931046906460522,0.34739556138833944,0.43556701030927836,10.0,10.0,410,,830,10.0,10,10
ml106_RESI_20_low,ml_feature_single,RESI_20,price_technical,low,-1,0.8490103270223752,0.2888164135987653,ok,0.07,0.25301447215390827,0.333280873194745,1.796583410484628,1.1189368145652145,-0.41053889877605876,0.7535916703983633,2.1733969805819995,0.6162834023138363,0.49226804123711343,10.0,10.0,410,,830,10.0,10,10
ml106_CORR_10_high,ml_feature_single,CORR_10,price_technical,high,1,0.8490103270223752,0.28881643094650034,ok,0.076,-0.04561117789255875,0.061869998529751266,2.4057251352462146,-0.1439461644752833,-0.44930727878678445,-0.24024917590629727,-0.484901739873416,-0.10151218314086409,0.3769230769230769,10.0,10.0,410,,830,10.0,10,10
ml106_CORR_10_low,ml_feature_single,CORR_10,price_technical,low,-1,0.8490103270223752,0.28881643094650034,ok,0.092,0.06300348314960735,0.12142863827812192,1.307716094128578,0.2255752629966079,-0.215631511160006,0.40596350747411103,0.7322404527259241,0.2921676944790967,0.45103092783505155,10.0,10.0,410,,830,10.0,10,10
ml106_CORD_10_high,ml_feature_single,CORD_10,price_technical,high,1,0.8490103270223752,0.28881643095061704,ok,0.083,0.05274356967883698,0.09459916635720274,0.9368436812064096,0.18663453600598734,-0.22975608455038365,0.27099576495451244,0.4545363614080127,0.22955332934383202,0.38974358974358975,10.0,10.0,410,,830,10.0,10,10
ml106_CORD_10_low,ml_feature_single,CORD_10,price_technical,low,-1,0.8490103270223752,0.28881643095061704,ok,0.076,-0.014073016885462253,0.07971509360625349,2.099236557577686,-0.04608915323920837,-0.23981435566826803,-0.18351010369399298,-0.3339248766657911,-0.058680515772670125,0.45758354755784064,10.0,10.0,409,,830,10.0,10,10
ml106_BETA_5_high,ml_feature_single,BETA_5,price_technical,high,1,0.8490103270223752,0.28881617360513073,ok,0.083,-0.0722121736079252,0.059695596113267274,2.952459655872101,-0.2208353388064339,-0.5361694688171647,-0.17975883130103412,-0.3641208502444006,-0.1346791099018178,0.4160206718346253,10.0,10.0,410,,830,10.0,10,10
ml106_BETA_5_low,ml_feature_single,BETA_5,price_technical,low,-1,0.8490103270223752,0.28881617360513073,ok,0.084,0.11581005315611503,0.24371334625329533,2.862828425655202,0.4402530070643862,-0.4541159458227084,0.4501582354345147,1.0117706686666486,0.25501747746720355,0.4289405684754522,10.0,10.0,409,,830,10.0,10,10
ml106_RSQR_5_high,ml_feature_single,RSQR_5,price_technical,high,1,0.8490103270223752,0.28881565774748996,ok,0.083,-0.0008777260292843758,0.10495134067850945,2.368746363719007,-0.0029191629143864306,-0.39028614955721086,-0.002094991401164653,-0.004260646424741308,-0.0022488718637889505,0.4241645244215938,10.0,10.0,410,,830,10.0,10,10
ml106_RSQR_5_low,ml_feature_single,RSQR_5,price_technical,low,-1,0.8490103270223752,0.28881565774748996,ok,0.076,0.0012698270852291582,0.04122746535728274,0.8943621379659809,0.004233797505235559,-0.18015757208412797,-0.09131749770649354,-0.15878477657458978,0.007048033508695013,0.4186046511627907,10.0,10.0,410,,830,10.0,10,10
ml106_RESI_5_high,ml_feature_single,RESI_5,price_technical,high,1,0.8490103270223752,0.28881553112102076,ok,0.08,0.26426723249716555,0.3745533680152505,2.468507855203889,1.1829546342641808,-0.3623048814335177,0.9357175669691824,2.1062495683680917,0.7293855318654825,0.42010309278350516,10.0,10.0,410,,830,10.0,10,10
ml106_RESI_5_low,ml_feature_single,RESI_5,price_technical,low,-1,0.8490103270223752,0.28881553112102076,ok,0.09,0.1750709899693783,0.26279388591940644,1.9634803297497754,0.7110365142910298,-0.4129450489224451,0.619093092468189,1.6789524507148519,0.423946844641334,0.4496124031007752,10.0,10.0,410,,830,10.0,10,10
ml106_BETA_10_high,ml_feature_single,BETA_10,price_technical,high,1,0.8490103270223752,0.28881642988907735,ok,0.09,0.27129986416789365,0.39329902074439527,2.7306775681514304,1.223643759887688,-0.34176498090250684,0.912285441422384,2.3171166868335407,0.7937967356518802,0.48717948717948717,10.0,10.0,410,,830,10.0,10,10
ml106_BETA_10_low,ml_feature_single,BETA_10,price_technical,low,-1,0.8490103270223752,0.28881642988907735,ok,0.074,0.11282305881508159,0.296250841487409,4.105619625370068,0.4274570789121761,-0.4485838266151415,0.4331416381504429,0.96134258021944,0.2515038150800835,0.4793814432989691,10.0,10.0,408,,830,10.0,10,10
ml106_RSQR_10_high,ml_feature_single,RSQR_10,price_technical,high,1,0.8490103270223752,0.28881642640537747,ok,0.083,0.10380329091245888,0.1757588466877175,1.6105637741532886,0.389300318525303,-0.204086492638213,0.5335231244797749,1.2620601500039959,0.5085990923737402,0.4742268041237113,10.0,10.0,409,,830,10.0,10,10
ml106_RSQR_10_low,ml_feature_single,RSQR_10,price_technical,low,-1,0.8490103270223752,0.28881642640537747,ok,0.077,0.10641065479470435,0.13948861667230453,0.7403760077856901,0.4002561110802234,-0.1266014010184564,0.5492318597222078,1.2961666416379842,0.8404508120022512,0.4564102564102564,10.0,10.0,410,,830,10.0,10,10
ml106_RESI_10_high,ml_feature_single,RESI_10,price_technical,high,1,0.8490103270223752,0.2888164291655378,ok,0.082,0.13624734791213755,0.3012711121895426,3.693686939890006,0.5299660496069898,-0.509699625286836,0.525497082277091,1.0804226609222083,0.2673038552792979,0.4329896907216495,10.0,10.0,410,,830,10.0,10,10
ml106_RESI_10_low,ml_feature_single,RESI_10,price_technical,low,-1,0.8490103270223752,0.2888164291655378,ok,0.076,0.20162945335112448,0.31863222390186563,2.6188446700787846,0.8432077296913427,-0.34016361966459974,0.6961414421710056,1.6820826610826636,0.5927251312136568,0.4536082474226804,10.0,10.0,410,,830,10.0,10,10
ml106_BETA_60_high,ml_feature_single,BETA_60,price_technical,high,1,0.8490103270223752,0.288816344624535,ok,0.084,0.3087620950703849,0.4911971326620377,4.083399252715347,1.4493777787314288,-0.36712903584776246,0.8968900829719888,2.3285450278797044,0.840995004405949,0.45384615384615384,10.0,10.0,405,,830,10.0,10,10
ml106_BETA_60_low,ml_feature_single,BETA_60,price_technical,low,-1,0.8490103270223752,0.288816344624535,ok,0.083,-0.1358634003949004,-0.015095051470321419,2.703128698633575,-0.38500945256505315,-0.5146277380394229,-0.715290526397487,-1.0523316717462532,-0.2639981298543887,0.4214659685863874,10.0,10.0,404,,830,10.0,10,10
ml106_RSQR_60_high,ml_feature_single,RSQR_60,price_technical,high,1,0.8490103270223752,0.28881634438438203,ok,0.076,0.14461410526109963,0.29944334180948073,3.465505295289151,0.5677954937900196,-0.19051598577570117,0.6591787619746001,1.2319488851877813,0.7590256241022586,0.4536082474226804,10.0,10.0,410,,830,10.0,10,10
ml106_RSQR_60_low,ml_feature_single,RSQR_60,price_technical,low,-1,0.8490103270223752,0.28881634438438203,ok,0.083,-0.010184918973507484,0.08682162640126007,2.1712740059201643,-0.033507517888269556,-0.2302949052144957,-0.0397167541122241,-0.08290369557399314,-0.044223630252346144,0.3953488372093023,10.0,10.0,400,,830,10.0,10,10
ml106_RESI_60_high,ml_feature_single,RESI_60,price_technical,high,1,0.8490103270223752,0.28874866473237487,ok,0.083,0.09769227300393668,0.20406216458324994,2.3808515158069223,0.3638578638978862,-0.36029917191083805,0.3965736046033574,0.8580389084518025,0.2711345716953094,0.45618556701030927,10.0,10.0,409,,830,10.0,10,10
ml106_RESI_60_low,ml_feature_single,RESI_60,price_technical,low,-1,0.8490103270223752,0.28874866473237487,ok,0.076,0.1933559867768435,0.35543374808803546,3.6277472691472683,0.8012947230232492,-0.44101993371492076,0.6161394741084503,1.6429768381876262,0.43841919106975563,0.45618556701030927,10.0,10.0,410,,830,10.0,10,10
ml106_CNTP_5_high,ml_feature_single,CNTP_5,price_technical,high,1,0.8490103270223752,0.27569516726607035,ok,0.091,0.10359945980000251,0.20744165901744172,2.3242747899880927,0.388446383408076,-0.24810551995961228,0.4516561437953129,0.9031007146791455,0.41754526204917053,0.4378238341968912,10.0,10.0,410,,830,10.0,10,10
ml106_CNTP_5_low,ml_feature_single,CNTP_5,price_technical,low,-1,0.8490103270223752,0.27569516726607035,ok,0.083,-0.058731654438713865,0.031018994429030333,2.0088670320970854,-0.1825030664215429,-0.3792773722408026,-0.4434598326858534,-0.7121058111011738,-0.15484737625650824,0.3865979381443299,10.0,10.0,410,,830,10.0,10,10
ml106_CNTN_5_high,ml_feature_single,CNTN_5,price_technical,high,1,0.8490103270223752,0.275583611136118,ok,0.091,0.006205919740679633,0.1363567265381764,2.913133980363838,0.02081065029979401,-0.3517506950186552,0.017229898751287543,0.03438321742193118,0.017642447915764182,0.43410852713178294,10.0,10.0,409,,830,10.0,10,10
ml106_CNTN_5_low,ml_feature_single,CNTN_5,price_technical,low,-1,0.8490103270223752,0.275583611136118,ok,0.083,0.015823058159040837,0.07626122928117894,1.3527729434738363,0.053656106734352615,-0.24260708779307194,0.04426895555558226,0.0836249819011336,0.06521823463867607,0.4020618556701031,10.0,10.0,409,,830,10.0,10,10
ml106_CNTD_5_high,ml_feature_single,CNTD_5,price_technical,high,1,0.8490103270223752,0.28398216200628773,ok,0.084,0.08408231135822009,0.17723771352931555,2.0850748005067015,0.30836886647995776,-0.2488282857699201,0.378086729955027,0.7701912986472851,0.3378994156709629,0.44041450777202074,10.0,10.0,410,,830,10.0,10,10
ml106_CNTD_5_low,ml_feature_single,CNTD_5,price_technical,low,-1,0.8490103270223752,0.28398216200628773,ok,0.086,0.026464655184657015,0.14184977735026205,2.582637238139054,0.09085429259420907,-0.3357230450832299,0.12134922210086019,0.2594389171120067,0.07882648304129936,0.4381443298969072,10.0,10.0,410,,830,10.0,10,10
ml106_CNTP_10_high,ml_feature_single,CNTP_10,price_technical,high,1,0.8490103270223752,0.2823437111251469,ok,0.097,0.07120491477347901,0.16409592820298727,2.0791570513501987,0.2573393533706325,-0.26235828428875785,0.3194036893554952,0.7788465674974617,0.2713929961714128,0.4241645244215938,10.0,10.0,410,,830,10.0,10,10
ml106_CNTP_10_low,ml_feature_single,CNTP_10,price_technical,low,-1,0.8490103270223752,0.2823437111251469,ok,0.08,-0.06136333878746114,0.015039947202189,1.7101162421083609,-0.190087709630673,-0.24634614180919978,-0.3810003283724634,-0.8085936892949648,-0.24908386020668563,0.4015544041450777,10.0,10.0,410,,830,10.0,10,10
ml106_CNTN_10_high,ml_feature_single,CNTN_10,price_technical,high,1,0.8490103270223752,0.2822800998213581,ok,0.083,-0.033414416798124735,0.06481935475498847,2.198742712182533,-0.10697902626860545,-0.323475460473968,-0.2417639482363987,-0.3978740295110252,-0.10329495721126454,0.4108527131782946,10.0,10.0,410,,830,10.0,10,10
ml106_CNTN_10_low,ml_feature_single,CNTN_10,price_technical,low,-1,0.8490103270223752,0.2822800998213581,ok,0.084,-0.025989041496427112,0.05198018994205497,1.7451664197494892,-0.08393467862263637,-0.27854834276668183,-0.1956476513973464,-0.3263021021812105,-0.09329837777716576,0.3917525773195876,10.0,10.0,410,,830,10.0,10,10
ml106_CNTD_10_high,ml_feature_single,CNTD_10,price_technical,high,1,0.8490103270223752,0.28714254371749415,ok,0.09,0.05041978494935906,0.12490206069080252,1.6671187350749583,0.1779365873991252,-0.3285193836597502,0.23791686106466564,0.47005677998466466,0.1534711580063036,0.41794871794871796,10.0,10.0,410,,830,10.0,10,10
ml106_CNTD_10_low,ml_feature_single,CNTD_10,price_technical,low,-1,0.8490103270223752,0.28714254371749415,ok,0.074,0.014476102289802784,0.12383051334447538,2.4476532922435026,0.04901195118789681,-0.2905330709964036,0.05307812211815083,0.09437503728005966,0.04982429021679189,0.4533678756476684,10.0,10.0,410,,830,10.0,10,10
ml106_CNTP_20_high,ml_feature_single,CNTP_20,price_technical,high,1,0.8490103270223752,0.2857676999676648,ok,0.071,0.30592841961204087,0.3820106505810754,1.7029301453554009,1.4317664108029704,-0.25390602450591016,1.0992342163780773,2.592876556314202,1.2048409319866302,0.4717948717948718,10.0,10.0,408,,830,10.0,10,10
ml106_CNTP_20_low,ml_feature_single,CNTP_20,price_technical,low,-1,0.8490103270223752,0.2857676999676648,ok,0.085,-0.07469958179311109,-0.02873664485173366,1.0287772833369981,-0.22776823130238555,-0.30748618624771595,-0.5436042861712402,-1.015678579087982,-0.24292848215338134,0.3671875,10.0,10.0,405,,830,10.0,10,10
ml106_CNTN_20_high,ml_feature_single,CNTN_20,price_technical,high,1,0.8490103270223752,0.285746889501836,ok,0.076,-0.02258279291486298,0.04261375513759569,1.4592785416194158,-0.07322564637909024,-0.24080052885105807,-0.16648724422838224,-0.31799580020834745,-0.09377826219895267,0.40310077519379844,10.0,10.0,409,,830,10.0,10,10
ml106_CNTN_20_low,ml_feature_single,CNTN_20,price_technical,low,-1,0.8490103270223752,0.285746889501836,ok,0.083,0.053086798479323294,0.11161483978694192,1.3100189705519478,0.18792304173679342,-0.12794114533610312,0.288667457179951,0.5596606780729839,0.41489897053968877,0.4381443298969072,10.0,10.0,407,,830,10.0,10,10
ml106_CNTD_20_high,ml_feature_single,CNTD_20,price_technical,high,1,0.8490103270223752,0.28827877250336564,ok,0.083,0.2472665278244479,0.31132462641805303,1.4337969031638553,1.0867486540811244,-0.25629887146885666,0.9807318275518376,2.490226793657978,0.9647209103899181,0.46923076923076923,10.0,10.0,409,,830,10.0,10,10
ml106_CNTD_20_low,ml_feature_single,CNTD_20,price_technical,low,-1,0.8490103270223752,0.28827877250336564,ok,0.082,-0.012808938497646749,0.03747413212341072,1.1254737889650541,-0.042011326650854386,-0.21337408156220772,-0.12686244136422908,-0.2543730073581462,-0.06002761969811027,0.4010416666666667,10.0,10.0,409,,830,10.0,10,10
ml106_VSTD_10_high,ml_feature_single,VSTD_10,price_technical,high,1,0.8490103270223752,0.28881643095061704,ok,0.082,0.45209574121977303,0.5962860535421113,3.2273768315476703,2.461934877549271,-0.2988423208512888,1.1223061933613447,4.3958503799826225,1.5127730644084216,0.4884318766066838,10.0,10.0,406,,830,10.0,10,10
ml106_VSTD_10_low,ml_feature_single,VSTD_10,price_technical,low,-1,0.8490103270223752,0.28881643095061704,ok,0.08,-0.02368608227864777,-0.0014941831617501893,0.49671590209061983,-0.07670385637222621,-0.12023403353273698,-0.34463473043179604,-0.5735702406356864,-0.19698343096748436,0.4553072625698324,10.0,10.0,408,,830,10.0,10,10
ml106_VSTD_20_high,ml_feature_single,VSTD_20,price_technical,high,1,0.8490103270223752,0.28881642626678006,ok,0.083,0.37778283174368776,0.5431088204489949,3.7004515560478426,1.9064597413606776,-0.3857193705359393,0.9863925106786208,3.204547364137826,0.9793986680837643,0.4910025706940874,10.0,10.0,403,,830,10.0,10,10
ml106_VSTD_20_low,ml_feature_single,VSTD_20,price_technical,low,-1,0.8490103270223752,0.28881642626678006,ok,0.081,-0.0027691525875128686,0.027661435838563352,0.6811204891291832,-0.009189441166122414,-0.15041242480599426,-0.09341359436001577,-0.14851430076796596,-0.018409173971795454,0.4373259052924791,10.0,10.0,404,,830,10.0,10,10
ml106_WVMA_high,ml_feature_single,WVMA,price_technical,high,1,0.8490103270223752,0.28881643095061704,ok,0.076,0.46256891528876976,0.5638449888874896,2.2668378218915137,2.5457629727853313,-0.1496934683311124,1.339321266074035,4.034297558121351,3.0899011255080953,0.5717948717948718,10.0,10.0,400,,830,10.0,10,10
ml106_WVMA_low,ml_feature_single,WVMA,price_technical,low,-1,0.8490103270223752,0.28881643095061704,ok,0.09,0.1379346687537477,0.21316684167601885,1.6839035020157205,0.5375431120301326,-0.14434656808194468,0.7490644987952634,1.7450111897036442,0.9555136325729803,0.42592592592592593,10.0,10.0,403,,830,10.0,10,10
ml106_sector_encoded_high,ml_feature_single,sector_encoded,sector_metadata,high,1,0.8490103270223752,2.917432642029564e-17,ok,0.082,-0.007382988729009665,0.022051275735841022,0.6588200112580594,-0.024368989286035703,-0.18051310455056135,-0.2328641806973774,-0.4700562557686208,-0.04089774961155634,0.4329896907216495,10.0,10.0,400,,830,10.0,10,10
ml106_sector_encoded_low,ml_feature_single,sector_encoded,sector_metadata,low,-1,0.8490103270223752,2.917432642029564e-17,ok,0.083,-0.007382988729009665,0.022051275735841022,0.6588200112580594,-0.024368989286035703,-0.18051310455056135,-0.2328641806973774,-0.4700562557686208,-0.04089774961155634,0.4329896907216495,10.0,10.0,400,,830,10.0,10,10
ml106_market_cap_bucket_high,ml_feature_single,market_cap_bucket,price_technical,high,1,0.8490103270223752,2.917432642029564e-17,ok,0.076,-0.007382988729009665,0.022051275735841022,0.6588200112580594,-0.024368989286035703,-0.18051310455056135,-0.2328641806973774,-0.4700562557686208,-0.04089774961155634,0.4329896907216495,10.0,10.0,400,,830,10.0,10,10
ml106_market_cap_bucket_low,ml_feature_single,market_cap_bucket,price_technical,low,-1,0.8490103270223752,2.917432642029564e-17,ok,0.083,-0.007382988729009665,0.022051275735841022,0.6588200112580594,-0.024368989286035703,-0.18051310455056135,-0.2328641806973774,-0.4700562557686208,-0.04089774961155634,0.4329896907216495,10.0,10.0,400,,830,10.0,10,10
ml106_avg_volume_bucket_high,ml_feature_single,avg_volume_bucket,sector_metadata,high,1,0.8490103270223752,2.917432642029564e-17,ok,0.083,-0.007382988729009665,0.022051275735841022,0.6588200112580594,-0.024368989286035703,-0.18051310455056135,-0.2328641806973774,-0.4700562557686208,-0.04089774961155634,0.4329896907216495,10.0,10.0,400,,830,10.0,10,10
ml106_avg_volume_bucket_low,ml_feature_single,avg_volume_bucket,sector_metadata,low,-1,0.8490103270223752,2.917432642029564e-17,ok,0.092,-0.007382988729009665,0.022051275735841022,0.6588200112580594,-0.024368989286035703,-0.18051310455056135,-0.2328641806973774,-0.4700562557686208,-0.04089774961155634,0.4329896907216495,10.0,10.0,400,,830,10.0,10,10
ml106_sector_peer_return_1d_high,ml_feature_single,sector_peer_return_1d,sector_metadata,high,1,0.8490103270223752,2.917432642029564e-17,ok,0.076,-0.007382988729009665,0.022051275735841022,0.6588200112580594,-0.024368989286035703,-0.18051310455056135,-0.2328641806973774,-0.4700562557686208,-0.04089774961155634,0.4329896907216495,10.0,10.0,400,,830,10.0,10,10
ml106_sector_peer_return_1d_low,ml_feature_single,sector_peer_return_1d,sector_metadata,low,-1,0.8490103270223752,2.917432642029564e-17,ok,0.091,-0.007382988729009665,0.022051275735841022,0.6588200112580594,-0.024368989286035703,-0.18051310455056135,-0.2328641806973774,-0.4700562557686208,-0.04089774961155634,0.4329896907216495,10.0,10.0,400,,830,10.0,10,10
ml106_sector_peer_return_5d_high,ml_feature_single,sector_peer_return_5d,sector_metadata,high,1,0.8490103270223752,2.917432642029564e-17,ok,0.07,-0.007382988729009665,0.022051275735841022,0.6588200112580594,-0.024368989286035703,-0.18051310455056135,-0.2328641806973774,-0.4700562557686208,-0.04089774961155634,0.4329896907216495,10.0,10.0,400,,830,10.0,10,10
ml106_sector_peer_return_5d_low,ml_feature_single,sector_peer_return_5d,sector_metadata,low,-1,0.8490103270223752,2.917432642029564e-17,ok,0.083,-0.007382988729009665,0.022051275735841022,0.6588200112580594,-0.024368989286035703,-0.18051310455056135,-0.2328641806973774,-0.4700562557686208,-0.04089774961155634,0.4329896907216495,10.0,10.0,400,,830,10.0,10,10
ml106_stock_vs_sector_high,ml_feature_single,stock_vs_sector,sector_metadata,high,1,0.8490103270223752,2.917432642029564e-17,ok,0.088,-0.007382988729009665,0.022051275735841022,0.6588200112580594,-0.024368989286035703,-0.18051310455056135,-0.2328641806973774,-0.4700562557686208,-0.04089774961155634,0.4329896907216495,10.0,10.0,400,,830,10.0,10,10
ml106_stock_vs_sector_low,ml_feature_single,stock_vs_sector,sector_metadata,low,-1,0.8490103270223752,2.917432642029564e-17,ok,0.088,-0.007382988729009665,0.022051275735841022,0.6588200112580594,-0.024368989286035703,-0.18051310455056135,-0.2328641806973774,-0.4700562557686208,-0.04089774961155634,0.4329896907216495,10.0,10.0,400,,830,10.0,10,10
