period,start_date,end_date,group,status,name,family_id,alpha_bucket,strategy_id,proxy_cagr,proxy_sharpe,proxy_MOD,proxy_total_return,proxy_worst_month,proxy_monthly_hit_rate,active_days,avg_positions,max_positions,latest_positions,avg_turnover,reason
2020_2022,2020-01-01,2022-12-31,candidate_stock_tech12,candidate,S1 55d trend volume breakout,TREND_RECLAIM_CONTINUATION,breakout_vol_expansion,stock_tech_s01_55d_trend_volume_breakout_v1,0.26289657024509294,0.9190124205227393,-0.25984635762469355,0.9754044878207326,-0.15221281501514905,0.5,572.0,7.185034013605442,10.0,0.0,0.03498218334953029,
2020_2022,2020-01-01,2022-12-31,candidate_stock_tech12,candidate,S2 52w dual momentum,TREND_RECLAIM_CONTINUATION,trend_following,stock_tech_s02_52w_dual_momentum_v1,0.08577927560662313,0.40913009455302946,-0.5610113875523597,0.27129453943947723,-0.20003867962399713,0.3888888888888889,525.0,6.850340136054422,10.0,0.0,0.03168880250512904,
2020_2022,2020-01-01,2022-12-31,candidate_stock_tech12,candidate,S3 VCP contraction breakout,VOLATILITY_CONTRACTION_BREAKOUT,breakout_vol_expansion,stock_tech_s03_vcp_contraction_breakout_v1,-0.13037975699484416,-0.3481864816854294,-0.3965936201321084,-0.33465823589176824,-0.287747127536254,0.25,520.0,3.8639455782312924,10.0,0.0,0.08586653709102687,
2020_2022,2020-01-01,2022-12-31,candidate_stock_tech12,candidate,S4 MA deduct turn breakout,TREND_RECLAIM_CONTINUATION,trend_following,stock_tech_s04_ma_deduct_turn_breakout_v1,-0.10044683178839853,-0.17831283033895923,-0.5096105676298066,-0.2656356101146421,-0.1983954763706074,0.3888888888888889,578.0,4.677551020408163,10.0,1.0,0.10061548428895369,
2020_2022,2020-01-01,2022-12-31,candidate_stock_tech12,candidate,S5 first dry pullback,TREND_RECLAIM_CONTINUATION,trend_following,stock_tech_s05_first_dry_pullback_v1,-0.07131975566451598,-0.5724932392746617,-0.26172668238690855,-0.19410875636495917,-0.10844306306306284,0.08333333333333333,53.0,0.08435374149659863,2.0,0.0,0.014965986394557823,
2020_2022,2020-01-01,2022-12-31,candidate_stock_tech12,candidate,S6 NR7 inside bar breakout,VOLATILITY_CONTRACTION_BREAKOUT,breakout_vol_expansion,stock_tech_s06_nr7_inside_bar_breakout_v1,-0.17552942506737979,-0.42904435997721624,-0.5064953898758825,-0.4304775022533326,-0.18266098592289037,0.3055555555555556,445.0,2.2095238095238097,10.0,0.0,0.09693229672821509,
2020_2022,2020-01-01,2022-12-31,candidate_stock_tech12,candidate,S7 2B false break reversal,TREND_RECLAIM_CONTINUATION,mean_reversion,stock_tech_s07_2b_false_break_reversal_v1,0.0010952708217981666,0.11669561064800968,-0.337733943054229,0.0031978941184616083,-0.19075153954330348,0.3333333333333333,172.0,0.35374149659863946,5.0,0.0,0.05585034013605443,
2020_2022,2020-01-01,2022-12-31,candidate_stock_tech12,candidate,S8 RSI2 bull mean reversion,TREND_RECLAIM_CONTINUATION,mean_reversion,stock_tech_s08_rsi2_bull_mean_reversion_v1,-0.4032095114228309,-1.6482402548243336,-0.7919899650325,-0.7781051679378748,-0.2054932171670668,0.16666666666666666,552.0,5.502040816326531,10.0,0.0,0.2794584818054206,
2020_2022,2020-01-01,2022-12-31,candidate_stock_tech12,candidate,S9 three soldiers base breakout,VOLATILITY_CONTRACTION_BREAKOUT,breakout_vol_expansion,stock_tech_s09_three_soldiers_base_breakout_v1,-0.08711318692187209,-0.5823686623293954,-0.2987307085153549,-0.233434287892488,-0.0882187744458931,0.08333333333333333,117.0,0.18503401360544217,2.0,0.0,0.027210884353741496,
2020_2022,2020-01-01,2022-12-31,candidate_stock_tech12,candidate,S10 island reversal,VOLATILITY_CONTRACTION_BREAKOUT,mean_reversion,stock_tech_s10_island_reversal_v1,-0.07158619859463233,-0.36950126398166244,-0.3832839794354137,-0.19478294560023135,-0.24225086988445077,0.1111111111111111,117.0,0.47619047619047616,10.0,0.0,0.018610301263362487,
2020_2022,2020-01-01,2022-12-31,candidate_stock_tech12,candidate,S11 gap breakout continuation,VOLATILITY_CONTRACTION_BREAKOUT,breakout_vol_expansion,stock_tech_s11_gap_breakout_continuation_v1,-0.07461430439960992,0.032811852588723066,-0.5149442242744156,-0.20241903460265653,-0.3387754675551904,0.4166666666666667,528.0,3.8068027210884354,10.0,0.0,0.13529532447899795,
2020_2022,2020-01-01,2022-12-31,active_strategy_spec,active,Pymoo NSGA-III novelty 0081 breadth trend impulse,TREND_RECLAIM_CONTINUATION,trend_following,alpha_miner_pymoo_nsga3_novelty_0081,-0.4209632850311791,-2.5380088414730815,-0.8010327627247339,-0.7968144601349119,-0.26709285602819044,0.25,735.0,300.77823129251703,505.0,160.0,0.7011352346890317,
2020_2022,2020-01-01,2022-12-31,active_strategy_spec,active,Pymoo NSGA-III novelty 0187 revenue short trend,REVENUE_QUALITY_MOMENTUM,trend_following,alpha_miner_pymoo_nsga3_novelty_0187,-0.46286800158163444,-2.5449372087492907,-0.8413839025414147,-0.8367939237804308,-0.2809524482705814,0.2222222222222222,735.0,226.2721088435374,351.0,175.0,0.720249385207953,
2020_2022,2020-01-01,2022-12-31,active_strategy_spec,active,Pymoo NSGA-III novelty 0193 sentiment margin flow,SMART_MONEY_ACCUMULATION,defensive_accumulation,alpha_miner_pymoo_nsga3_novelty_0193,0.023851104708721316,0.2200479351555488,-0.3708599666500051,0.0711673898037033,-0.1919888265087495,0.6111111111111112,735.0,470.72517006802724,542.0,352.0,0.04910060516425038,
2020_2022,2020-01-01,2022-12-31,active_strategy_spec,active,AlphaBuilders multifactor revenue quality momentum,REVENUE_QUALITY_MOMENTUM,trend_following,alphabuilders_multifactor_revenue_quality_momentum_v1,0.06360594522175389,0.42093357767678774,-0.3029937271041878,0.1970451710570138,-0.15948880370080898,0.6111111111111112,735.0,598.847619047619,1129.0,258.0,0.12610106016810424,
2020_2022,2020-01-01,2022-12-31,active_strategy_spec,active,Breakout volume expansion seed,VOLATILITY_CONTRACTION_BREAKOUT,breakout_vol_expansion,breakout_vol_expansion_seed_v1,-0.19973374652763476,-0.9431391942345566,-0.49985835673483237,-0.47788363981793636,-0.24804004978320648,0.4722222222222222,735.0,195.465306122449,613.0,84.0,0.2853462170460022,
2020_2022,2020-01-01,2022-12-31,active_strategy_spec,active,Defensive accumulation seed,SMART_MONEY_ACCUMULATION,defensive_accumulation,defensive_accumulation_seed_v1,-0.06505531136220832,-0.3145548845286131,-0.36863456768046754,-0.178150561005464,-0.18869591978638522,0.4444444444444444,735.0,461.5238095238095,974.0,256.0,0.2869384760027312,
2020_2022,2020-01-01,2022-12-31,active_strategy_spec,active,FinLab AI broker accumulation reclaim,SMART_MONEY_ACCUMULATION,defensive_accumulation,finlab_ai_skill_broker_accumulation_reclaim_v1,-0.26915184156724536,-1.8796661063315379,-0.6037933933320239,-0.5992908976054659,-0.19467442115812317,0.3611111111111111,735.0,184.03673469387755,506.0,130.0,0.44612683367632233,
2020_2022,2020-01-01,2022-12-31,active_strategy_spec,active,FinLab AI quality trend,REVENUE_QUALITY_MOMENTUM,trend_following,finlab_ai_skill_quality_trend_v1,-0.2238046515648595,-1.18205386153777,-0.5478051698134413,-0.5223803481603688,-0.24801874795632828,0.4166666666666667,734.0,131.05850340136055,372.0,53.0,0.25401113367400907,
2020_2022,2020-01-01,2022-12-31,active_strategy_spec,active,FinLab AI revenue revision breakout,REVENUE_QUALITY_MOMENTUM,breakout_vol_expansion,finlab_ai_skill_revenue_revision_breakout_v1,-0.3799467450828248,-1.5594009875731911,-0.7784885860295482,-0.7519241095323681,-0.2968966773720564,0.3611111111111111,728.0,15.496598639455783,47.0,9.0,0.42848569341483794,
2020_2022,2020-01-01,2022-12-31,active_strategy_spec,active,FinLab AI reversion value,REVENUE_QUALITY_MOMENTUM,mean_reversion,finlab_ai_skill_reversion_value_v1,-0.11485712671096748,-0.6256245808402029,-0.3583505831278414,-0.2994233103521444,-0.163986101244341,0.4444444444444444,735.0,442.84761904761905,858.0,300.0,0.1801311403849324,
2020_2022,2020-01-01,2022-12-31,active_strategy_spec,active,Trend following seed,TREND_RECLAIM_CONTINUATION,trend_following,trend_following_seed_v1,-0.17704233942495728,-0.9268319563405236,-0.4864235793497872,-0.4335202986486305,-0.22810674643853224,0.4444444444444444,735.0,348.7591836734694,927.0,162.0,0.25071895703718594,
2023_2026,2023-01-01,2026-06-15,candidate_stock_tech12,candidate,S1 55d trend volume breakout,TREND_RECLAIM_CONTINUATION,breakout_vol_expansion,stock_tech_s01_55d_trend_volume_breakout_v1,0.4931070079218145,1.6606211380644766,-0.2659985325606252,2.7445078242923016,-0.10118818220600123,0.5952380952380952,658.0,7.644578313253012,10.0,10.0,0.029840791738382104,
2023_2026,2023-01-01,2026-06-15,candidate_stock_tech12,candidate,S2 52w dual momentum,TREND_RECLAIM_CONTINUATION,trend_following,stock_tech_s02_52w_dual_momentum_v1,0.4250134392231364,1.1946411402882748,-0.28077492874961596,2.2108937903140697,-0.10083700628185832,0.6190476190476191,678.0,7.960240963855422,10.0,10.0,0.034460699942627654,
2023_2026,2023-01-01,2026-06-15,candidate_stock_tech12,candidate,S3 VCP contraction breakout,VOLATILITY_CONTRACTION_BREAKOUT,breakout_vol_expansion,stock_tech_s03_vcp_contraction_breakout_v1,-0.13053983783414203,-0.42848840431395424,-0.5791582419544162,-0.369173852850067,-0.21338758586647322,0.40476190476190477,571.0,4.287951807228915,10.0,0.0,0.08042981449607955,
2023_2026,2023-01-01,2026-06-15,candidate_stock_tech12,candidate,S4 MA deduct turn breakout,TREND_RECLAIM_CONTINUATION,trend_following,stock_tech_s04_ma_deduct_turn_breakout_v1,0.4787451958901321,1.4514498148814097,-0.36861451224052033,2.627182072245575,-0.2506678198524772,0.5952380952380952,714.0,5.940963855421686,10.0,6.0,0.09241681009753297,
2023_2026,2023-01-01,2026-06-15,candidate_stock_tech12,candidate,S5 first dry pullback,TREND_RECLAIM_CONTINUATION,trend_following,stock_tech_s05_first_dry_pullback_v1,0.04782527917152768,0.35996803099495606,-0.23114412294484477,0.16633808893937907,-0.09642196878804077,0.07142857142857142,64.0,0.07710843373493977,1.0,0.0,0.008433734939759036,
2023_2026,2023-01-01,2026-06-15,candidate_stock_tech12,candidate,S6 NR7 inside bar breakout,VOLATILITY_CONTRACTION_BREAKOUT,breakout_vol_expansion,stock_tech_s06_nr7_inside_bar_breakout_v1,0.23223078702725486,0.7935875326267594,-0.4872787433391397,0.9893351671083388,-0.20867741590891997,0.47619047619047616,562.0,2.719277108433735,10.0,1.0,0.096327691719258,
2023_2026,2023-01-01,2026-06-15,candidate_stock_tech12,candidate,S7 2B false break reversal,TREND_RECLAIM_CONTINUATION,mean_reversion,stock_tech_s07_2b_false_break_reversal_v1,0.004075677397233468,0.10660794255497935,-0.2356451704582634,0.013486712725815142,-0.12276913320110816,0.3333333333333333,166.0,0.28072289156626506,6.0,0.0,0.04682730923694779,
2023_2026,2023-01-01,2026-06-15,candidate_stock_tech12,candidate,S8 RSI2 bull mean reversion,TREND_RECLAIM_CONTINUATION,mean_reversion,stock_tech_s08_rsi2_bull_mean_reversion_v1,-0.14259613871733812,-0.43958414440294785,-0.48107775726550284,-0.3975289888498853,-0.13032626880659626,0.2619047619047619,682.0,6.8987951807228916,10.0,10.0,0.28258988334289536,
2023_2026,2023-01-01,2026-06-15,candidate_stock_tech12,candidate,S9 three soldiers base breakout,VOLATILITY_CONTRACTION_BREAKOUT,breakout_vol_expansion,stock_tech_s09_three_soldiers_base_breakout_v1,0.040863333820620795,0.3168994008989336,-0.23079630233695303,0.1410083086412388,-0.1375169950738917,0.3333333333333333,231.0,0.37349397590361444,5.0,0.0,0.03495983935742972,
2023_2026,2023-01-01,2026-06-15,candidate_stock_tech12,candidate,S10 island reversal,VOLATILITY_CONTRACTION_BREAKOUT,mean_reversion,stock_tech_s10_island_reversal_v1,-0.06165439872811007,-0.25423778558475046,-0.44741499383822514,-0.18908975313040177,-0.25720263888888895,0.11904761904761904,88.0,0.3168674698795181,10.0,0.0,0.011579651941097724,
2023_2026,2023-01-01,2026-06-15,candidate_stock_tech12,candidate,S11 gap breakout continuation,VOLATILITY_CONTRACTION_BREAKOUT,breakout_vol_expansion,stock_tech_s11_gap_breakout_continuation_v1,0.3617793729582388,1.1055194950452831,-0.3562680184196362,1.7650361190765818,-0.1645459618254237,0.4523809523809524,623.0,5.025301204819277,10.0,4.0,0.14176898068464336,
2023_2026,2023-01-01,2026-06-15,active_strategy_spec,active,Pymoo NSGA-III novelty 0081 breadth trend impulse,TREND_RECLAIM_CONTINUATION,trend_following,alpha_miner_pymoo_nsga3_novelty_0081,-0.39241073129035975,-2.691372404007481,-0.8172612330148685,-0.806229697738052,-0.132683675387834,0.16666666666666666,830.0,341.66506024096384,527.0,341.0,0.7017211337377567,
2023_2026,2023-01-01,2026-06-15,active_strategy_spec,active,Pymoo NSGA-III novelty 0187 revenue short trend,REVENUE_QUALITY_MOMENTUM,trend_following,alpha_miner_pymoo_nsga3_novelty_0187,-0.4228669517377803,-2.8174955435602214,-0.845526214211303,-0.8364214616273357,-0.1431154865021762,0.14285714285714285,830.0,272.30481927710844,397.0,302.0,0.7100760933891764,
2023_2026,2023-01-01,2026-06-15,active_strategy_spec,active,Pymoo NSGA-III novelty 0193 sentiment margin flow,SMART_MONEY_ACCUMULATION,defensive_accumulation,alpha_miner_pymoo_nsga3_novelty_0193,0.1741644938036384,0.8528363238316906,-0.3976518843375385,0.6969255537177896,-0.11931042978281803,0.5952380952380952,830.0,519.3361445783132,618.0,539.0,0.047475585894951516,
2023_2026,2023-01-01,2026-06-15,active_strategy_spec,active,AlphaBuilders multifactor revenue quality momentum,REVENUE_QUALITY_MOMENTUM,trend_following,alphabuilders_multifactor_revenue_quality_momentum_v1,0.1665588128610136,0.9716256389464013,-0.3454485798954652,0.6609903313719687,-0.09617218520392723,0.5952380952380952,830.0,599.2915662650603,1176.0,780.0,0.12682749225347978,
2023_2026,2023-01-01,2026-06-15,active_strategy_spec,active,Breakout volume expansion seed,VOLATILITY_CONTRACTION_BREAKOUT,breakout_vol_expansion,breakout_vol_expansion_seed_v1,0.10267630721849752,0.5942413157781083,-0.3459332316473336,0.37977741228791606,-0.10422724228988356,0.5,830.0,224.96024096385543,738.0,243.0,0.2661785134135984,
2023_2026,2023-01-01,2026-06-15,active_strategy_spec,active,Defensive accumulation seed,SMART_MONEY_ACCUMULATION,defensive_accumulation,defensive_accumulation_seed_v1,0.005928248576327455,0.11692299854258706,-0.36626237356925717,0.019658668029181703,-0.09227346072801756,0.5238095238095238,830.0,538.4831325301204,1050.0,512.0,0.27615374493691847,
2023_2026,2023-01-01,2026-06-15,active_strategy_spec,active,FinLab AI broker accumulation reclaim,SMART_MONEY_ACCUMULATION,defensive_accumulation,finlab_ai_skill_broker_accumulation_reclaim_v1,-0.2581925847655525,-1.8690137340391373,-0.6807840992935645,-0.6260750794040069,-0.10685253055632349,0.23809523809523808,830.0,222.21204819277108,470.0,215.0,0.43388578197303157,
2023_2026,2023-01-01,2026-06-15,active_strategy_spec,active,FinLab AI quality trend,REVENUE_QUALITY_MOMENTUM,trend_following,finlab_ai_skill_quality_trend_v1,0.032597476946594206,0.2701067475689152,-0.38683372807007665,0.11143493962066886,-0.09015494612977348,0.5,830.0,110.92530120481928,383.0,137.0,0.23668082156421047,
2023_2026,2023-01-01,2026-06-15,active_strategy_spec,active,FinLab AI revenue revision breakout,REVENUE_QUALITY_MOMENTUM,breakout_vol_expansion,finlab_ai_skill_revenue_revision_breakout_v1,0.0012470459769611253,0.1426202630571815,-0.508951979067677,0.0041132112098214435,-0.1336416456477274,0.5,826.0,11.812048192771085,49.0,23.0,0.43361386482009606,
2023_2026,2023-01-01,2026-06-15,active_strategy_spec,active,FinLab AI reversion value,REVENUE_QUALITY_MOMENTUM,mean_reversion,finlab_ai_skill_reversion_value_v1,-0.07600989643933354,-0.4665521314300417,-0.37865808380748633,-0.22923827448032408,-0.0820923834327223,0.4523809523809524,830.0,413.6012048192771,821.0,312.0,0.16424543247535905,
2023_2026,2023-01-01,2026-06-15,active_strategy_spec,active,Trend following seed,TREND_RECLAIM_CONTINUATION,trend_following,trend_following_seed_v1,0.08288117375199966,0.5362251608572891,-0.34998777405073755,0.29986152954866974,-0.09667083971202584,0.5,830.0,395.74939759036147,1011.0,483.0,0.23304371902096907,
2020_2026,2020-01-01,2026-06-15,candidate_stock_tech12,candidate,S1 55d trend volume breakout,TREND_RECLAIM_CONTINUATION,breakout_vol_expansion,stock_tech_s01_55d_trend_volume_breakout_v1,0.38018280032212326,1.2806623001601367,-0.26599853256062445,6.396917560786861,-0.15221281501514905,0.5512820512820513,1230.0,7.428753993610224,10.0,10.0,0.03225543891678077,
2020_2026,2020-01-01,2026-06-15,candidate_stock_tech12,candidate,S2 52w dual momentum,TREND_RECLAIM_CONTINUATION,trend_following,stock_tech_s02_52w_dual_momentum_v1,0.2541921358381203,0.8152495203967309,-0.5635080943897505,3.081991742346405,-0.20003867962399713,0.5128205128205128,1203.0,7.438977635782748,10.0,10.0,0.03315888229626249,
2020_2026,2020-01-01,2026-06-15,candidate_stock_tech12,candidate,S3 VCP contraction breakout,VOLATILITY_CONTRACTION_BREAKOUT,breakout_vol_expansion,stock_tech_s03_vcp_contraction_breakout_v1,-0.13046465976835864,-0.38761548009457913,-0.645897364027928,-0.5802850184096655,-0.287747127536254,0.3333333333333333,1091.0,4.088817891373802,10.0,0.0,0.08298316344642222,
2020_2026,2020-01-01,2026-06-15,candidate_stock_tech12,candidate,S4 MA deduct turn breakout,TREND_RECLAIM_CONTINUATION,trend_following,stock_tech_s04_ma_deduct_turn_breakout_v1,0.17524639488262195,0.6784272438363563,-0.5096105676298066,1.7259814980137476,-0.2506678198524772,0.5,1292.0,5.347603833865815,10.0,6.0,0.09626730564430244,
2020_2026,2020-01-01,2026-06-15,candidate_stock_tech12,candidate,S5 first dry pullback,TREND_RECLAIM_CONTINUATION,trend_following,stock_tech_s05_first_dry_pullback_v1,-0.009923750347612947,0.004772531439783571,-0.34450278310289006,-0.06005834700572754,-0.10844306306306284,0.07692307692307693,117.0,0.08051118210862619,2.0,0.0,0.011501597444089457,
2020_2026,2020-01-01,2026-06-15,candidate_stock_tech12,candidate,S6 NR7 inside bar breakout,VOLATILITY_CONTRACTION_BREAKOUT,breakout_vol_expansion,stock_tech_s06_nr7_inside_bar_breakout_v1,0.020306014072962286,0.22545756724029908,-0.5834799726754627,0.13297113322682574,-0.20867741590891997,0.3974358974358974,1007.0,2.4798722044728434,10.0,1.0,0.09661164359247429,
2020_2026,2020-01-01,2026-06-15,candidate_stock_tech12,candidate,S7 2B false break reversal,TREND_RECLAIM_CONTINUATION,mean_reversion,stock_tech_s07_2b_false_break_reversal_v1,0.0026748302916010935,0.11082327123546067,-0.4704520802840457,0.016727735923580456,-0.19075153954330348,0.3333333333333333,338.0,0.3150159744408946,6.0,0.0,0.051064962726304584,
2020_2026,2020-01-01,2026-06-15,candidate_stock_tech12,candidate,S8 RSI2 bull mean reversion,TREND_RECLAIM_CONTINUATION,mean_reversion,stock_tech_s08_rsi2_bull_mean_reversion_v1,-0.27676426957113054,-1.0269608407019277,-0.885674814189955,-0.8663147961585465,-0.2054932171670668,0.21794871794871795,1234.0,6.242811501597444,10.0,10.0,0.2811192251128353,
2020_2026,2020-01-01,2026-06-15,candidate_stock_tech12,candidate,S9 three soldiers base breakout,VOLATILITY_CONTRACTION_BREAKOUT,breakout_vol_expansion,stock_tech_s09_three_soldiers_base_breakout_v1,-0.021333665982186667,-0.05698450827820559,-0.3454351786414682,-0.12534215336584098,-0.1375169950738917,0.21794871794871795,348.0,0.28498402555910546,5.0,0.0,0.031320553780617676,
2020_2026,2020-01-01,2026-06-15,candidate_stock_tech12,candidate,S10 island reversal,VOLATILITY_CONTRACTION_BREAKOUT,mean_reversion,stock_tech_s10_island_reversal_v1,-0.06633201723424009,-0.3047184651095758,-0.5550491290329378,-0.34704123963307243,-0.25720263888888895,0.11538461538461539,205.0,0.3916932907348243,10.0,0.0,0.014881586287337085,
2020_2026,2020-01-01,2026-06-15,candidate_stock_tech12,candidate,S11 gap breakout continuation,VOLATILITY_CONTRACTION_BREAKOUT,breakout_vol_expansion,stock_tech_s11_gap_breakout_continuation_v1,0.1358140889408468,0.5267752653574024,-0.5149442242744156,1.2053401772116232,-0.3387754675551904,0.4358974358974359,1151.0,4.453035143769968,10.0,4.0,0.13872863735483543,
2020_2026,2020-01-01,2026-06-15,active_strategy_spec,active,Pymoo NSGA-III novelty 0081 breadth trend impulse,TREND_RECLAIM_CONTINUATION,trend_following,alpha_miner_pymoo_nsga3_novelty_0081,-0.4056432184853128,-2.6038558126301887,-0.9617324062231152,-0.960485042475438,-0.26709285602819044,0.20512820512820512,1565.0,322.4626198083067,527.0,341.0,0.7019500851261306,
2020_2026,2020-01-01,2026-06-15,active_strategy_spec,active,Pymoo NSGA-III novelty 0187 revenue short trend,REVENUE_QUALITY_MOMENTUM,trend_following,alpha_miner_pymoo_nsga3_novelty_0187,-0.441557821632073,-2.655846442806301,-0.973841155262524,-0.973167917822703,-0.2809524482705814,0.1794871794871795,1565.0,250.68562300319488,397.0,302.0,0.7153783436516135,
2020_2026,2020-01-01,2026-06-15,active_strategy_spec,active,Pymoo NSGA-III novelty 0193 sentiment margin flow,SMART_MONEY_ACCUMULATION,defensive_accumulation,alpha_miner_pymoo_nsga3_novelty_0193,0.10176578410092474,0.5376933451333145,-0.3976518843375375,0.8255250499887281,-0.1919888265087495,0.6025641025641025,1565.0,496.50607028753996,618.0,539.0,0.04833695010981925,
2020_2026,2020-01-01,2026-06-15,active_strategy_spec,active,AlphaBuilders multifactor revenue quality momentum,REVENUE_QUALITY_MOMENTUM,trend_following,alphabuilders_multifactor_revenue_quality_momentum_v1,0.1168083816715264,0.6997634148564819,-0.3454485798954654,0.9859245243887069,-0.15948880370080898,0.6025641025641025,1565.0,599.0830670926517,1176.0,780.0,0.12663429823726086,
2020_2026,2020-01-01,2026-06-15,active_strategy_spec,active,Breakout volume expansion seed,VOLATILITY_CONTRACTION_BREAKOUT,breakout_vol_expansion,breakout_vol_expansion_seed_v1,-0.05232057472105189,-0.15889064191334845,-0.5463483834437417,-0.2837573021169917,-0.24804004978320648,0.48717948717948717,1565.0,211.10798722044728,738.0,243.0,0.27539359041241634,
2020_2026,2020-01-01,2026-06-15,active_strategy_spec,active,Defensive accumulation seed,SMART_MONEY_ACCUMULATION,defensive_accumulation,defensive_accumulation_seed_v1,-0.02834412925231755,-0.0961262824217825,-0.4725622095866382,-0.16353354230230832,-0.18869591978638522,0.48717948717948717,1565.0,502.33929712460065,1050.0,512.0,0.281405907541538,
2020_2026,2020-01-01,2026-06-15,active_strategy_spec,active,FinLab AI broker accumulation reclaim,SMART_MONEY_ACCUMULATION,defensive_accumulation,finlab_ai_skill_broker_accumulation_reclaim_v1,-0.26356721646988135,-1.8755193463088458,-0.8682839183153447,-0.8504265691201229,-0.19467442115812317,0.2948717948717949,1565.0,204.28306709265175,506.0,215.0,0.4399038175215923,
2020_2026,2020-01-01,2026-06-15,active_strategy_spec,active,FinLab AI quality trend,REVENUE_QUALITY_MOMENTUM,trend_following,finlab_ai_skill_quality_trend_v1,-0.09696779133451638,-0.4484467241654415,-0.584814086532368,-0.469234040041568,-0.24801874795632828,0.46153846153846156,1564.0,120.38083067092651,383.0,137.0,0.24505824057803427,
2020_2026,2020-01-01,2026-06-15,active_strategy_spec,active,FinLab AI revenue revision breakout,REVENUE_QUALITY_MOMENTUM,breakout_vol_expansion,finlab_ai_skill_revenue_revision_breakout_v1,-0.19956476762812714,-0.6610548395845685,-0.8085175985962784,-0.7490281625695507,-0.2968966773720564,0.4358974358974359,1554.0,13.542492012779553,49.0,23.0,0.4314894165527349,
2020_2026,2020-01-01,2026-06-15,active_strategy_spec,active,FinLab AI reversion value,REVENUE_QUALITY_MOMENTUM,mean_reversion,finlab_ai_skill_reversion_value_v1,-0.09454842001573815,-0.5464204773801843,-0.5007272084383325,-0.4603410422186063,-0.163986101244341,0.44871794871794873,1565.0,427.3367412140575,858.0,312.0,0.17188039898415375,
2020_2026,2020-01-01,2026-06-15,active_strategy_spec,active,Trend following seed,TREND_RECLAIM_CONTINUATION,trend_following,trend_following_seed_v1,-0.048785193060543186,-0.17799200714227537,-0.5446719131974103,-0.26700126861967066,-0.22810674643853224,0.47435897435897434,1565.0,373.6805111821086,1011.0,483.0,0.24153814015689357,
2020,2020-01-01,2020-12-31,candidate_stock_tech12,candidate,S1 55d trend volume breakout,TREND_RECLAIM_CONTINUATION,breakout_vol_expansion,stock_tech_s01_55d_trend_volume_breakout_v1,0.5535310040353498,1.4218570817560798,-0.2566430868634496,0.5346363561376761,-0.04297081264680691,0.5,204.0,7.297959183673469,10.0,10.0,0.03869452542921931,
2020,2020-01-01,2020-12-31,candidate_stock_tech12,candidate,S2 52w dual momentum,TREND_RECLAIM_CONTINUATION,trend_following,stock_tech_s02_52w_dual_momentum_v1,0.23534352258896263,0.842992088999147,-0.21216338587021633,0.22811230528990278,-0.09949916296421923,0.4166666666666667,164.0,6.628571428571429,10.0,10.0,0.02489795918367347,
2020,2020-01-01,2020-12-31,candidate_stock_tech12,candidate,S3 VCP contraction breakout,VOLATILITY_CONTRACTION_BREAKOUT,breakout_vol_expansion,stock_tech_s03_vcp_contraction_breakout_v1,-0.22465102671574166,-0.9420818187542951,-0.3677617610608459,-0.21915157633259275,-0.1373674943488885,0.16666666666666666,170.0,3.9591836734693877,10.0,4.0,0.08465176546809199,
2020,2020-01-01,2020-12-31,candidate_stock_tech12,candidate,S4 MA deduct turn breakout,TREND_RECLAIM_CONTINUATION,trend_following,stock_tech_s04_ma_deduct_turn_breakout_v1,-0.12244018180988203,-0.23025231069081578,-0.3702314334723542,-0.11925055963540354,-0.1983954763706074,0.5,203.0,4.746938775510204,10.0,7.0,0.10108195659216068,
2020,2020-01-01,2020-12-31,candidate_stock_tech12,candidate,S5 first dry pullback,TREND_RECLAIM_CONTINUATION,trend_following,stock_tech_s05_first_dry_pullback_v1,0.004538141226326342,0.10387638829906298,-0.09942363112391939,0.004411804086822624,-0.04829596290497473,0.16666666666666666,29.0,0.1469387755102041,2.0,0.0,0.02040816326530612,
2020,2020-01-01,2020-12-31,candidate_stock_tech12,candidate,S6 NR7 inside bar breakout,VOLATILITY_CONTRACTION_BREAKOUT,breakout_vol_expansion,stock_tech_s06_nr7_inside_bar_breakout_v1,-0.10563440996046536,-0.2051423916870353,-0.45657027432051056,-0.10285656173676239,-0.18266098592289037,0.4166666666666667,161.0,2.5714285714285716,10.0,10.0,0.09460803368966636,
2020,2020-01-01,2020-12-31,candidate_stock_tech12,candidate,S7 2B false break reversal,TREND_RECLAIM_CONTINUATION,mean_reversion,stock_tech_s07_2b_false_break_reversal_v1,0.05458877784482352,0.3772519246120791,-0.14439828671342791,0.053032916953835274,-0.03373015637758259,0.25,39.0,0.19591836734693877,2.0,0.0,0.053061224489795916,
2020,2020-01-01,2020-12-31,candidate_stock_tech12,candidate,S8 RSI2 bull mean reversion,TREND_RECLAIM_CONTINUATION,mean_reversion,stock_tech_s08_rsi2_bull_mean_reversion_v1,-0.44728920502266656,-1.8564627251846317,-0.481962356036184,-0.4381106744894758,-0.2054932171670668,0.16666666666666666,199.0,5.775510204081633,10.0,3.0,0.30226595400064793,
2020,2020-01-01,2020-12-31,candidate_stock_tech12,candidate,S9 three soldiers base breakout,VOLATILITY_CONTRACTION_BREAKOUT,breakout_vol_expansion,stock_tech_s09_three_soldiers_base_breakout_v1,-0.08268947347119049,-2.3038564892227584,-0.08155839387519892,-0.08048760266481492,-0.03973001455281788,0.0,17.0,0.06938775510204082,1.0,0.0,0.014285714285714285,
2020,2020-01-01,2020-12-31,candidate_stock_tech12,candidate,S10 island reversal,VOLATILITY_CONTRACTION_BREAKOUT,mean_reversion,stock_tech_s10_island_reversal_v1,-0.2043839206046959,-1.0535597300664674,-0.3832839794354137,-0.19931482710642556,-0.24225086988445077,0.08333333333333333,55.0,1.1714285714285715,10.0,0.0,0.03134110787172012,
2020,2020-01-01,2020-12-31,candidate_stock_tech12,candidate,S11 gap breakout continuation,VOLATILITY_CONTRACTION_BREAKOUT,breakout_vol_expansion,stock_tech_s11_gap_breakout_continuation_v1,0.07136028655267856,0.3762880068147657,-0.3071070997517995,0.06931091747750284,-0.16347303605235697,0.5,178.0,3.8816326530612244,10.0,10.0,0.12972627146096535,
2020,2020-01-01,2020-12-31,active_strategy_spec,active,Pymoo NSGA-III novelty 0081 breadth trend impulse,TREND_RECLAIM_CONTINUATION,trend_following,alpha_miner_pymoo_nsga3_novelty_0081,-0.4489455903132096,-2.51163069821877,-0.4524731743741518,-0.43974785979595055,-0.26709285602819044,0.16666666666666666,245.0,289.7469387755102,469.0,287.0,0.7016339002523464,
2020,2020-01-01,2020-12-31,active_strategy_spec,active,Pymoo NSGA-III novelty 0187 revenue short trend,REVENUE_QUALITY_MOMENTUM,trend_following,alpha_miner_pymoo_nsga3_novelty_0187,-0.4589308859044432,-2.308395780053973,-0.4616986218605733,-0.4496203220473385,-0.2809524482705814,0.25,245.0,213.02448979591836,313.0,223.0,0.7153503898195539,
2020,2020-01-01,2020-12-31,active_strategy_spec,active,Pymoo NSGA-III novelty 0193 sentiment margin flow,SMART_MONEY_ACCUMULATION,defensive_accumulation,alpha_miner_pymoo_nsga3_novelty_0193,0.12745512992065766,0.5994980411522625,-0.3708599666500051,0.12370435789756384,-0.1919888265087495,0.6666666666666666,245.0,444.0897959183674,506.0,477.0,0.05136164034569943,
2020,2020-01-01,2020-12-31,active_strategy_spec,active,AlphaBuilders multifactor revenue quality momentum,REVENUE_QUALITY_MOMENTUM,trend_following,alphabuilders_multifactor_revenue_quality_momentum_v1,0.16478355949843237,0.8341026596780555,-0.3029937271041878,0.15985870619961196,-0.15948880370080898,0.6666666666666666,245.0,484.49387755102043,777.0,613.0,0.12889916527989112,
2020,2020-01-01,2020-12-31,active_strategy_spec,active,Breakout volume expansion seed,VOLATILITY_CONTRACTION_BREAKOUT,breakout_vol_expansion,breakout_vol_expansion_seed_v1,-0.12456078334321152,-0.49354162587236794,-0.2975910284053659,-0.12131981861628416,-0.24804004978320648,0.6666666666666666,245.0,195.84489795918367,520.0,273.0,0.28470966857401514,
2020,2020-01-01,2020-12-31,active_strategy_spec,active,Defensive accumulation seed,SMART_MONEY_ACCUMULATION,defensive_accumulation,defensive_accumulation_seed_v1,0.05691190371364829,0.39818801403298465,-0.2839129738520002,0.05528811043929971,-0.18869591978638522,0.5833333333333334,245.0,444.52244897959184,822.0,649.0,0.28412237253586486,
2020,2020-01-01,2020-12-31,active_strategy_spec,active,FinLab AI broker accumulation reclaim,SMART_MONEY_ACCUMULATION,defensive_accumulation,finlab_ai_skill_broker_accumulation_reclaim_v1,-0.23153353048609138,-1.4634036757857782,-0.3063244533710562,-0.22589119347683828,-0.19467442115812317,0.4166666666666667,245.0,166.53061224489795,374.0,236.0,0.44081213632508476,
2020,2020-01-01,2020-12-31,active_strategy_spec,active,FinLab AI quality trend,REVENUE_QUALITY_MOMENTUM,trend_following,finlab_ai_skill_quality_trend_v1,-0.2627337473768464,-1.3022369179466906,-0.3327653324737049,-0.2564649319978307,-0.24801874795632828,0.4166666666666667,244.0,92.67755102040816,285.0,112.0,0.257465546462257,
2020,2020-01-01,2020-12-31,active_strategy_spec,active,FinLab AI revenue revision breakout,REVENUE_QUALITY_MOMENTUM,breakout_vol_expansion,finlab_ai_skill_revenue_revision_breakout_v1,-0.43376081606459593,-1.6726112137830609,-0.438710221951363,-0.4247441647475454,-0.2968966773720564,0.3333333333333333,238.0,9.771428571428572,38.0,2.0,0.43954925962706537,
2020,2020-01-01,2020-12-31,active_strategy_spec,active,FinLab AI reversion value,REVENUE_QUALITY_MOMENTUM,mean_reversion,finlab_ai_skill_reversion_value_v1,-0.092766525614432,-0.39525473233143504,-0.3227210107664569,-0.09030975735246327,-0.163986101244341,0.5,245.0,396.55102040816325,858.0,339.0,0.18826087227359403,
2020,2020-01-01,2020-12-31,active_strategy_spec,active,Trend following seed,TREND_RECLAIM_CONTINUATION,trend_following,trend_following_seed_v1,-0.09411804290808168,-0.3942104964962252,-0.30545613385064907,-0.09162731798910506,-0.22810674643853224,0.5,245.0,349.48571428571427,830.0,462.0,0.25053445926857393,
2021,2021-01-01,2021-12-31,candidate_stock_tech12,candidate,S1 55d trend volume breakout,TREND_RECLAIM_CONTINUATION,breakout_vol_expansion,stock_tech_s01_55d_trend_volume_breakout_v1,0.6227480468419597,1.6457879868948366,-0.2598463576246933,0.5979988305152826,-0.12558729829764737,0.75,244.0,9.959016393442623,10.0,10.0,0.03542805100182149,
2021,2021-01-01,2021-12-31,candidate_stock_tech12,candidate,S2 52w dual momentum,TREND_RECLAIM_CONTINUATION,trend_following,stock_tech_s02_52w_dual_momentum_v1,1.0712409391136362,1.7549971136558407,-0.28749735106862806,1.023911668284113,-0.10873720307366752,0.5833333333333334,244.0,9.545081967213115,10.0,10.0,0.04057864949258392,
2021,2021-01-01,2021-12-31,candidate_stock_tech12,candidate,S3 VCP contraction breakout,VOLATILITY_CONTRACTION_BREAKOUT,breakout_vol_expansion,stock_tech_s03_vcp_contraction_breakout_v1,0.08630237872280011,0.4102696859882794,-0.34050515678280024,0.08345140598967471,-0.287747127536254,0.5,231.0,5.586065573770492,10.0,10.0,0.1083186963309914,
2021,2021-01-01,2021-12-31,candidate_stock_tech12,candidate,S4 MA deduct turn breakout,TREND_RECLAIM_CONTINUATION,trend_following,stock_tech_s04_ma_deduct_turn_breakout_v1,0.4005548774715806,1.1454012229799817,-0.278198343619255,0.3856568138902219,-0.1776387166071164,0.5833333333333334,244.0,6.836065573770492,10.0,7.0,0.12439825657038771,
2021,2021-01-01,2021-12-31,candidate_stock_tech12,candidate,S5 first dry pullback,TREND_RECLAIM_CONTINUATION,trend_following,stock_tech_s05_first_dry_pullback_v1,-0.10056630072564787,-1.149618064326544,-0.09753482505125144,-0.09753482505125144,-0.08486204490234361,0.08333333333333333,10.0,0.040983606557377046,1.0,0.0,0.01639344262295082,
2021,2021-01-01,2021-12-31,candidate_stock_tech12,candidate,S6 NR7 inside bar breakout,VOLATILITY_CONTRACTION_BREAKOUT,breakout_vol_expansion,stock_tech_s06_nr7_inside_bar_breakout_v1,-0.17703501507613317,-0.23877008619881093,-0.3583087659094467,-0.1719288318836426,-0.14851389553856653,0.3333333333333333,207.0,3.4098360655737703,10.0,7.0,0.14674895914650013,
2021,2021-01-01,2021-12-31,candidate_stock_tech12,candidate,S7 2B false break reversal,TREND_RECLAIM_CONTINUATION,mean_reversion,stock_tech_s07_2b_false_break_reversal_v1,0.21709996926736363,0.8157726279683327,-0.16104697979160165,0.20953233087062562,-0.13770280495396103,0.5833333333333334,98.0,0.6352459016393442,5.0,1.0,0.09105191256830601,
2021,2021-01-01,2021-12-31,candidate_stock_tech12,candidate,S8 RSI2 bull mean reversion,TREND_RECLAIM_CONTINUATION,mean_reversion,stock_tech_s08_rsi2_bull_mean_reversion_v1,-0.33958379526127713,-1.066010915631886,-0.4322802391959367,-0.330827949416284,-0.13144584631980594,0.25,239.0,7.508196721311475,10.0,4.0,0.3651704397606037,
2021,2021-01-01,2021-12-31,candidate_stock_tech12,candidate,S9 three soldiers base breakout,VOLATILITY_CONTRACTION_BREAKOUT,breakout_vol_expansion,stock_tech_s09_three_soldiers_base_breakout_v1,0.07228200437269594,0.4282102221577523,-0.1347359728912101,0.06990896467251528,-0.05065198578595309,0.25,65.0,0.3073770491803279,2.0,0.0,0.036885245901639344,
2021,2021-01-01,2021-12-31,candidate_stock_tech12,candidate,S10 island reversal,VOLATILITY_CONTRACTION_BREAKOUT,mean_reversion,stock_tech_s10_island_reversal_v1,0.0,0.0,0.0,0.0,0.0,0.0,0.0,0.0,0.0,0.0,0.0,
2021,2021-01-01,2021-12-31,candidate_stock_tech12,candidate,S11 gap breakout continuation,VOLATILITY_CONTRACTION_BREAKOUT,breakout_vol_expansion,stock_tech_s11_gap_breakout_continuation_v1,0.21624158670916604,0.6537433249993864,-0.37204405091660664,0.20870635708692542,-0.3387754675551904,0.5833333333333334,240.0,6.290983606557377,10.0,7.0,0.18723653395784542,
2021,2021-01-01,2021-12-31,active_strategy_spec,active,Pymoo NSGA-III novelty 0081 breadth trend impulse,TREND_RECLAIM_CONTINUATION,trend_following,alpha_miner_pymoo_nsga3_novelty_0081,-0.3347882357707813,-1.9140315005461637,-0.3503599758390724,-0.3261236093817841,-0.15402137408623162,0.4166666666666667,244.0,301.9303278688525,440.0,345.0,0.6972051554024383,
2021,2021-01-01,2021-12-31,active_strategy_spec,active,Pymoo NSGA-III novelty 0187 revenue short trend,REVENUE_QUALITY_MOMENTUM,trend_following,alpha_miner_pymoo_nsga3_novelty_0187,-0.35945675395509724,-1.9024610779568034,-0.372104039587168,-0.35033454389294383,-0.15981501626918138,0.3333333333333333,244.0,228.827868852459,319.0,211.0,0.719583321213388,
2021,2021-01-01,2021-12-31,active_strategy_spec,active,Pymoo NSGA-III novelty 0193 sentiment margin flow,SMART_MONEY_ACCUMULATION,defensive_accumulation,alpha_miner_pymoo_nsga3_novelty_0193,0.24215287692431997,1.0248167123315972,-0.2268176724696651,0.2336312590172005,-0.08790433258272423,0.6666666666666666,244.0,479.58196721311475,542.0,466.0,0.05168630590425808,
2021,2021-01-01,2021-12-31,active_strategy_spec,active,AlphaBuilders multifactor revenue quality momentum,REVENUE_QUALITY_MOMENTUM,trend_following,alphabuilders_multifactor_revenue_quality_momentum_v1,0.19305073038237763,1.0553225611075285,-0.1865283472302609,0.18638403746380217,-0.08030994911902467,0.6666666666666666,244.0,713.422131147541,1129.0,756.0,0.12122589867836768,
2021,2021-01-01,2021-12-31,active_strategy_spec,active,Breakout volume expansion seed,VOLATILITY_CONTRACTION_BREAKOUT,breakout_vol_expansion,breakout_vol_expansion_seed_v1,-0.07727968042672384,-0.27386879134173414,-0.28408834243616143,-0.07492068382237238,-0.17879078155749628,0.5,244.0,228.25,613.0,338.0,0.2676443358386699,
2021,2021-01-01,2021-12-31,active_strategy_spec,active,Defensive accumulation seed,SMART_MONEY_ACCUMULATION,defensive_accumulation,defensive_accumulation_seed_v1,0.058577948122352064,0.4421978343173928,-0.1927161209004944,0.0566666254290078,-0.10797926692129678,0.5,244.0,475.36475409836066,974.0,672.0,0.2885082240347682,
2021,2021-01-01,2021-12-31,active_strategy_spec,active,FinLab AI broker accumulation reclaim,SMART_MONEY_ACCUMULATION,defensive_accumulation,finlab_ai_skill_broker_accumulation_reclaim_v1,-0.18793732567704946,-1.2761205799293847,-0.2199367243795437,-0.18255277837657824,-0.09546533805534452,0.4166666666666667,244.0,186.40573770491804,506.0,264.0,0.46388116983655076,
2021,2021-01-01,2021-12-31,active_strategy_spec,active,FinLab AI quality trend,REVENUE_QUALITY_MOMENTUM,trend_following,finlab_ai_skill_quality_trend_v1,-0.028186746484086034,-0.055455697083079555,-0.24554238774802928,-0.027304259873656145,-0.12005985407284347,0.5833333333333334,244.0,158.75409836065575,322.0,232.0,0.23210659566181302,
2021,2021-01-01,2021-12-31,active_strategy_spec,active,FinLab AI revenue revision breakout,REVENUE_QUALITY_MOMENTUM,breakout_vol_expansion,finlab_ai_skill_revenue_revision_breakout_v1,-0.2301872615500159,-0.8441196016154048,-0.3238518784642127,-0.22376733286578399,-0.09727585935148397,0.5,244.0,20.4672131147541,47.0,33.0,0.4222262064944921,
2021,2021-01-01,2021-12-31,active_strategy_spec,active,FinLab AI reversion value,REVENUE_QUALITY_MOMENTUM,mean_reversion,finlab_ai_skill_reversion_value_v1,-0.026589449119265862,-0.10639067141964327,-0.18591768451553814,-0.02575630629408099,-0.06748052609285982,0.5,244.0,408.26229508196724,716.0,433.0,0.178400382776604,
2021,2021-01-01,2021-12-31,active_strategy_spec,active,Trend following seed,TREND_RECLAIM_CONTINUATION,trend_following,trend_following_seed_v1,-0.03613050732108447,-0.10324348914666817,-0.2614214210540319,-0.0350038241120445,-0.1632445156950486,0.5,244.0,397.9836065573771,927.0,602.0,0.22931274688198622,
2022,2022-01-01,2022-12-31,candidate_stock_tech12,candidate,S1 55d trend volume breakout,TREND_RECLAIM_CONTINUATION,breakout_vol_expansion,stock_tech_s01_55d_trend_volume_breakout_v1,-0.20212966400856325,-0.9671358465674847,-0.21326961373352393,-0.19782843447317267,-0.1371617353786735,0.25,124.0,4.321138211382114,10.0,0.0,0.030842689379274743,
2022,2022-01-01,2022-12-31,candidate_stock_tech12,candidate,S2 52w dual momentum,TREND_RECLAIM_CONTINUATION,trend_following,stock_tech_s02_52w_dual_momentum_v1,-0.5010700619846952,-2.4901388420484243,-0.5020006476323502,-0.49274177404067965,-0.19463318227023652,0.16666666666666666,117.0,4.3983739837398375,10.0,0.0,0.023536907988127503,
2022,2022-01-01,2022-12-31,candidate_stock_tech12,candidate,S3 VCP contraction breakout,VOLATILITY_CONTRACTION_BREAKOUT,breakout_vol_expansion,stock_tech_s03_vcp_contraction_breakout_v1,-0.23122929150778704,-1.0486350237231894,-0.23715086298534738,-0.22640090903227517,-0.09090555156059599,0.08333333333333333,119.0,2.0609756097560976,10.0,0.0,0.06399374112788747,
2022,2022-01-01,2022-12-31,candidate_stock_tech12,candidate,S4 MA deduct turn breakout,TREND_RECLAIM_CONTINUATION,trend_following,stock_tech_s04_ma_deduct_turn_breakout_v1,-0.4062348661412828,-1.8861951464847169,-0.4093133322556699,-0.39881959254787525,-0.18024231192323148,0.08333333333333333,131.0,2.467479674796748,10.0,1.0,0.07656149180539423,
2022,2022-01-01,2022-12-31,candidate_stock_tech12,candidate,S5 first dry pullback,TREND_RECLAIM_CONTINUATION,trend_following,stock_tech_s05_first_dry_pullback_v1,-0.11347973190962568,-1.0194295001773457,-0.16110556768989703,-0.11093364197810529,-0.10844306306306284,0.0,14.0,0.06504065040650407,2.0,0.0,0.008130081300813009,
2022,2022-01-01,2022-12-31,candidate_stock_tech12,candidate,S6 NR7 inside bar breakout,VOLATILITY_CONTRACTION_BREAKOUT,breakout_vol_expansion,stock_tech_s06_nr7_inside_bar_breakout_v1,-0.2709855660320317,-1.5474690607878054,-0.28226098942297484,-0.26547883464969657,-0.08232630698619126,0.08333333333333333,77.0,0.6585365853658537,7.0,0.0,0.04983546264034069,
2022,2022-01-01,2022-12-31,candidate_stock_tech12,candidate,S7 2B false break reversal,TREND_RECLAIM_CONTINUATION,mean_reversion,stock_tech_s07_2b_false_break_reversal_v1,-0.2117073724903994,-1.284762145818478,-0.2294242594303546,-0.2072298541497426,-0.19075153954330348,0.16666666666666666,35.0,0.23170731707317074,4.0,0.0,0.023712737127371278,
2022,2022-01-01,2022-12-31,candidate_stock_tech12,candidate,S8 RSI2 bull mean reversion,TREND_RECLAIM_CONTINUATION,mean_reversion,stock_tech_s08_rsi2_bull_mean_reversion_v1,-0.4200099198613231,-2.36655355193092,-0.444946400075385,-0.412438393845003,-0.13347454268993542,0.08333333333333333,114.0,3.2398373983739837,10.0,0.0,0.16969608981804102,
2022,2022-01-01,2022-12-31,candidate_stock_tech12,candidate,S9 three soldiers base breakout,VOLATILITY_CONTRACTION_BREAKOUT,breakout_vol_expansion,stock_tech_s09_three_soldiers_base_breakout_v1,-0.22553433473864204,-2.470073126268453,-0.22277105262048735,-0.22080712215291753,-0.0882187744458931,0.0,35.0,0.17886178861788618,2.0,0.0,0.03048780487804878,
2022,2022-01-01,2022-12-31,candidate_stock_tech12,candidate,S10 island reversal,VOLATILITY_CONTRACTION_BREAKOUT,mean_reversion,stock_tech_s10_island_reversal_v1,0.0057984526385492785,0.1300028582140175,-0.1558475661307147,0.005660004280853448,-0.08415640096618371,0.25,62.0,0.25609756097560976,2.0,0.0,0.024390243902439025,
2022,2022-01-01,2022-12-31,candidate_stock_tech12,candidate,S11 gap breakout continuation,VOLATILITY_CONTRACTION_BREAKOUT,breakout_vol_expansion,stock_tech_s11_gap_breakout_continuation_v1,-0.38860384779945567,-1.080860586355655,-0.4584193706783062,-0.38139951535660777,-0.23000747406245303,0.08333333333333333,110.0,1.2682926829268293,10.0,0.0,0.08874209575429087,
2022,2022-01-01,2022-12-31,active_strategy_spec,active,Pymoo NSGA-III novelty 0081 breadth trend impulse,TREND_RECLAIM_CONTINUATION,trend_following,alpha_miner_pymoo_nsga3_novelty_0081,-0.46810477015837293,-3.241277086565559,-0.4712592070035313,-0.46004937825491266,-0.11983050897153158,0.16666666666666666,246.0,310.6219512195122,505.0,160.0,0.6990924291752928,
2022,2022-01-01,2022-12-31,active_strategy_spec,active,Pymoo NSGA-III novelty 0187 revenue short trend,REVENUE_QUALITY_MOMENTUM,trend_following,alpha_miner_pymoo_nsga3_novelty_0187,-0.5498947245768777,-3.4319696740087813,-0.5541595524888319,-0.5412579730296716,-0.15349451688677107,0.08333333333333333,246.0,236.9308943089431,351.0,175.0,0.7196181661414305,
2022,2022-01-01,2022-12-31,active_strategy_spec,active,Pymoo NSGA-III novelty 0193 sentiment margin flow,SMART_MONEY_ACCUMULATION,defensive_accumulation,alpha_miner_pymoo_nsga3_novelty_0193,-0.2393013187874211,-1.0317000352297532,-0.3188090418172499,-0.2343312304355193,-0.1261188473298296,0.5,246.0,488.4674796747967,540.0,352.0,0.043834644755394454,
2022,2022-01-01,2022-12-31,active_strategy_spec,active,AlphaBuilders multifactor revenue quality momentum,REVENUE_QUALITY_MOMENTUM,trend_following,alphabuilders_multifactor_revenue_quality_momentum_v1,-0.13927254542928114,-0.7784607692620474,-0.2067407392234194,-0.13619348836157852,-0.08274862482531975,0.5,246.0,599.0934959349594,847.0,258.0,0.12717900971879387,
2022,2022-01-01,2022-12-31,active_strategy_spec,active,Breakout volume expansion seed,VOLATILITY_CONTRACTION_BREAKOUT,breakout_vol_expansion,breakout_vol_expansion_seed_v1,-0.37182767440787834,-2.180881959695906,-0.370827008011964,-0.3648351633984155,-0.11959444435441802,0.25,246.0,162.5691056910569,473.0,84.0,0.30169199735560653,
2022,2022-01-01,2022-12-31,active_strategy_spec,active,Defensive accumulation seed,SMART_MONEY_ACCUMULATION,defensive_accumulation,defensive_accumulation_seed_v1,-0.27309598807575086,-1.8464894243583778,-0.29913896039050525,-0.26755464202159795,-0.09274048737024465,0.25,246.0,464.7276422764228,887.0,256.0,0.2865021829079156,
2022,2022-01-01,2022-12-31,active_strategy_spec,active,FinLab AI broker accumulation reclaim,SMART_MONEY_ACCUMULATION,defensive_accumulation,finlab_ai_skill_broker_accumulation_reclaim_v1,-0.37637553598473494,-2.9711765648500923,-0.3764110208832526,-0.3693245496676052,-0.09423641676184036,0.25,246.0,199.1219512195122,411.0,130.0,0.4305484958255026,
2022,2022-01-01,2022-12-31,active_strategy_spec,active,FinLab AI quality trend,REVENUE_QUALITY_MOMENTUM,trend_following,finlab_ai_skill_quality_trend_v1,-0.35250103737278926,-2.2559936603515247,-0.380644893214268,-0.3457655867084737,-0.13309522539368612,0.25,246.0,141.8130081300813,372.0,53.0,0.27059859644326195,
2022,2022-01-01,2022-12-31,active_strategy_spec,active,FinLab AI revenue revision breakout,REVENUE_QUALITY_MOMENTUM,breakout_vol_expansion,finlab_ai_skill_revenue_revision_breakout_v1,-0.4541624684922839,-2.1817382046756606,-0.49447227976260555,-0.4462371850620942,-0.1620122055662251,0.25,246.0,16.26829268292683,39.0,9.0,0.41837662698393213,
2022,2022-01-01,2022-12-31,active_strategy_spec,active,FinLab AI reversion value,REVENUE_QUALITY_MOMENTUM,mean_reversion,finlab_ai_skill_reversion_value_v1,-0.21786024488394595,-1.41025876987473,-0.2698986260486824,-0.2132709087036121,-0.09351268682526381,0.3333333333333333,246.0,523.260162601626,820.0,300.0,0.172301936619628,
2022,2022-01-01,2022-12-31,active_strategy_spec,active,Trend following seed,TREND_RECLAIM_CONTINUATION,trend_following,trend_following_seed_v1,-0.36628781808267374,-2.392110877691181,-0.3757418276006671,-0.359367582042054,-0.12415487683687465,0.3333333333333333,246.0,299.2113821138211,880.0,162.0,0.27056053601003643,
2023,2023-01-01,2023-12-31,candidate_stock_tech12,candidate,S1 55d trend volume breakout,TREND_RECLAIM_CONTINUATION,breakout_vol_expansion,stock_tech_s01_55d_trend_volume_breakout_v1,0.3430782948538036,1.4365027639033707,-0.15411132250681092,0.32279616958841917,-0.08979256130291513,0.5833333333333334,226.0,9.451882845188285,10.0,10.0,0.030125523012552297,
2023,2023-01-01,2023-12-31,candidate_stock_tech12,candidate,S2 52w dual momentum,TREND_RECLAIM_CONTINUATION,trend_following,stock_tech_s02_52w_dual_momentum_v1,0.862831323098308,2.205623880285908,-0.1492308001522029,0.8039978201026974,-0.053312869483896574,0.75,226.0,9.154811715481172,10.0,10.0,0.036541143654114365,
2023,2023-01-01,2023-12-31,candidate_stock_tech12,candidate,S3 VCP contraction breakout,VOLATILITY_CONTRACTION_BREAKOUT,breakout_vol_expansion,stock_tech_s03_vcp_contraction_breakout_v1,0.09738742767535302,0.5444157118779319,-0.2653995356484392,0.09213900490056748,-0.10946420793992773,0.6666666666666666,224.0,7.00418410041841,10.0,3.0,0.09845586770272961,
2023,2023-01-01,2023-12-31,candidate_stock_tech12,candidate,S4 MA deduct turn breakout,TREND_RECLAIM_CONTINUATION,trend_following,stock_tech_s04_ma_deduct_turn_breakout_v1,0.45692664644986314,1.6668935964998923,-0.15083343363148372,0.4289149405467456,-0.054433414696173354,0.6666666666666666,239.0,7.2803347280334725,10.0,5.0,0.09854718735471872,
2023,2023-01-01,2023-12-31,candidate_stock_tech12,candidate,S5 first dry pullback,TREND_RECLAIM_CONTINUATION,trend_following,stock_tech_s05_first_dry_pullback_v1,-0.11578326623202428,-0.6722575302102637,-0.18296547441092859,-0.1101524263535566,-0.05043244182004891,0.0,20.0,0.08368200836820083,1.0,0.0,0.012552301255230125,
2023,2023-01-01,2023-12-31,candidate_stock_tech12,candidate,S6 NR7 inside bar breakout,VOLATILITY_CONTRACTION_BREAKOUT,breakout_vol_expansion,stock_tech_s06_nr7_inside_bar_breakout_v1,-0.013965076320793468,0.10013938676289671,-0.4872787433391397,-0.013249450101251448,-0.20867741590891997,0.5833333333333334,204.0,3.9707112970711296,10.0,3.0,0.13015374908680347,
2023,2023-01-01,2023-12-31,candidate_stock_tech12,candidate,S7 2B false break reversal,TREND_RECLAIM_CONTINUATION,mean_reversion,stock_tech_s07_2b_false_break_reversal_v1,-0.14971381364569847,-0.9147273733175361,-0.19158192080098935,-0.14257001146900494,-0.11612937738363316,0.4166666666666667,79.0,0.5355648535564853,6.0,0.0,0.0705718270571827,
2023,2023-01-01,2023-12-31,candidate_stock_tech12,candidate,S8 RSI2 bull mean reversion,TREND_RECLAIM_CONTINUATION,mean_reversion,stock_tech_s08_rsi2_bull_mean_reversion_v1,-0.13441856498525717,-0.4769876506704436,-0.31011329218014394,-0.12794867222271733,-0.13032626880659626,0.3333333333333333,235.0,8.02928870292887,10.0,8.0,0.34327721325629273,
2023,2023-01-01,2023-12-31,candidate_stock_tech12,candidate,S9 three soldiers base breakout,VOLATILITY_CONTRACTION_BREAKOUT,breakout_vol_expansion,stock_tech_s09_three_soldiers_base_breakout_v1,0.15388908890340125,0.6898668852341964,-0.140707939344911,0.14540003027050497,-0.04707373198261022,0.5833333333333334,137.0,0.7824267782426778,5.0,1.0,0.06701534170153417,
2023,2023-01-01,2023-12-31,candidate_stock_tech12,candidate,S10 island reversal,VOLATILITY_CONTRACTION_BREAKOUT,mean_reversion,stock_tech_s10_island_reversal_v1,0.0,0.0,0.0,0.0,0.0,0.0,0.0,0.0,0.0,0.0,0.0,
2023,2023-01-01,2023-12-31,candidate_stock_tech12,candidate,S11 gap breakout continuation,VOLATILITY_CONTRACTION_BREAKOUT,breakout_vol_expansion,stock_tech_s11_gap_breakout_continuation_v1,0.4609040620715057,1.4289597083330168,-0.21352233875134297,0.43261438467453295,-0.1005549095049979,0.5833333333333334,225.0,6.087866108786611,10.0,5.0,0.177402537025968,
2023,2023-01-01,2023-12-31,active_strategy_spec,active,Pymoo NSGA-III novelty 0081 breadth trend impulse,TREND_RECLAIM_CONTINUATION,trend_following,alpha_miner_pymoo_nsga3_novelty_0081,-0.3313610512056855,-3.5075273684192267,-0.3355270407204204,-0.3173319761179404,-0.09347913698240273,0.25,239.0,330.6192468619247,458.0,273.0,0.6909194373567843,
2023,2023-01-01,2023-12-31,active_strategy_spec,active,Pymoo NSGA-III novelty 0187 revenue short trend,REVENUE_QUALITY_MOMENTUM,trend_following,alpha_miner_pymoo_nsga3_novelty_0187,-0.34897026004296317,-3.6450893013096386,-0.35920891950577805,-0.33439487310267924,-0.09757590880741474,0.25,239.0,253.64016736401675,352.0,202.0,0.7102082779153407,
2023,2023-01-01,2023-12-31,active_strategy_spec,active,Pymoo NSGA-III novelty 0193 sentiment margin flow,SMART_MONEY_ACCUMULATION,defensive_accumulation,alpha_miner_pymoo_nsga3_novelty_0193,0.2868328489303873,1.8510811950168624,-0.08747528878226929,0.27020022986224435,-0.03979700972009159,0.75,239.0,497.9958158995816,549.0,423.0,0.048932351541999645,
2023,2023-01-01,2023-12-31,active_strategy_spec,active,AlphaBuilders multifactor revenue quality momentum,REVENUE_QUALITY_MOMENTUM,trend_following,alphabuilders_multifactor_revenue_quality_momentum_v1,0.32754598269471735,2.5085716940737073,-0.07629104477738846,0.30828323875377284,-0.038899721688332445,0.75,239.0,456.64016736401675,723.0,397.0,0.12368595782141548,
2023,2023-01-01,2023-12-31,active_strategy_spec,active,Breakout volume expansion seed,VOLATILITY_CONTRACTION_BREAKOUT,breakout_vol_expansion,breakout_vol_expansion_seed_v1,0.1247139577360925,0.922946230168189,-0.1358655737170894,0.1179154578742565,-0.05094254311725732,0.5833333333333334,239.0,250.21757322175733,738.0,165.0,0.26062637037855346,
2023,2023-01-01,2023-12-31,active_strategy_spec,active,Defensive accumulation seed,SMART_MONEY_ACCUMULATION,defensive_accumulation,defensive_accumulation_seed_v1,0.11718765283319876,1.1190471530430222,-0.12356940720510134,0.1108193341950865,-0.04614303608232151,0.6666666666666666,239.0,556.1757322175732,1050.0,505.0,0.2550081030926371,
2023,2023-01-01,2023-12-31,active_strategy_spec,active,FinLab AI broker accumulation reclaim,SMART_MONEY_ACCUMULATION,defensive_accumulation,finlab_ai_skill_broker_accumulation_reclaim_v1,-0.18591150257942446,-2.00897052829971,-0.20674612786320057,-0.17722738436853513,-0.05533213852215535,0.3333333333333333,239.0,205.35146443514645,352.0,189.0,0.4401959236126829,
2023,2023-01-01,2023-12-31,active_strategy_spec,active,FinLab AI quality trend,REVENUE_QUALITY_MOMENTUM,trend_following,finlab_ai_skill_quality_trend_v1,0.23856511652867818,1.594803588305578,-0.11771236074963287,0.22496988426215014,-0.06115715344255679,0.6666666666666666,239.0,118.30543933054393,383.0,59.0,0.21780440549110128,
2023,2023-01-01,2023-12-31,active_strategy_spec,active,FinLab AI revenue revision breakout,REVENUE_QUALITY_MOMENTUM,breakout_vol_expansion,finlab_ai_skill_revenue_revision_breakout_v1,0.433915591298891,1.523933619499077,-0.13934304128753738,0.4075017952869744,-0.10920124273246457,0.75,239.0,9.276150627615063,27.0,4.0,0.4324040711337173,
2023,2023-01-01,2023-12-31,active_strategy_spec,active,FinLab AI reversion value,REVENUE_QUALITY_MOMENTUM,mean_reversion,finlab_ai_skill_reversion_value_v1,0.08876709526887683,1.0371646287977174,-0.11542636328362277,0.08400082023124811,-0.045999510646578035,0.5833333333333334,239.0,430.8117154811716,710.0,268.0,0.161296824354176,
2023,2023-01-01,2023-12-31,active_strategy_spec,active,Trend following seed,TREND_RECLAIM_CONTINUATION,trend_following,trend_following_seed_v1,0.13304427779849903,1.0861549662073067,-0.12295544646368539,0.1257667866194534,-0.045703695609640826,0.6666666666666666,239.0,446.5271966527197,1011.0,293.0,0.2198415197070405,
2024,2024-01-01,2024-12-31,candidate_stock_tech12,candidate,S1 55d trend volume breakout,TREND_RECLAIM_CONTINUATION,breakout_vol_expansion,stock_tech_s01_55d_trend_volume_breakout_v1,0.6505942703041243,1.8495259736496188,-0.2659985325606248,0.618094240528198,-0.10118818220600123,0.8333333333333334,242.0,9.847107438016529,10.0,6.0,0.036322642004460184,
2024,2024-01-01,2024-12-31,candidate_stock_tech12,candidate,S2 52w dual momentum,TREND_RECLAIM_CONTINUATION,trend_following,stock_tech_s02_52w_dual_momentum_v1,0.03481007677703318,0.27593463444166066,-0.27070381289999745,0.03340590979448255,-0.08954019514665634,0.75,242.0,9.74793388429752,10.0,9.0,0.04109110586383314,
2024,2024-01-01,2024-12-31,candidate_stock_tech12,candidate,S3 VCP contraction breakout,VOLATILITY_CONTRACTION_BREAKOUT,breakout_vol_expansion,stock_tech_s03_vcp_contraction_breakout_v1,-0.24126478572605203,-0.8378566547982189,-0.39933831224384186,-0.23290603732022797,-0.21338758586647322,0.4166666666666667,230.0,6.140495867768595,10.0,2.0,0.11296897546897547,
2024,2024-01-01,2024-12-31,candidate_stock_tech12,candidate,S4 MA deduct turn breakout,TREND_RECLAIM_CONTINUATION,trend_following,stock_tech_s04_ma_deduct_turn_breakout_v1,0.39983768234114536,1.2164373304707754,-0.21168468827498477,0.38127752949335747,-0.06627802805488792,0.5833333333333334,242.0,6.628099173553719,10.0,3.0,0.10927456382001838,
2024,2024-01-01,2024-12-31,candidate_stock_tech12,candidate,S5 first dry pullback,TREND_RECLAIM_CONTINUATION,trend_following,stock_tech_s05_first_dry_pullback_v1,0.32545374049431164,1.1884539363925217,-0.23114412294484465,0.31071671540320644,-0.09642196878804077,0.25,44.0,0.18181818181818182,1.0,0.0,0.01652892561983471,
2024,2024-01-01,2024-12-31,candidate_stock_tech12,candidate,S6 NR7 inside bar breakout,VOLATILITY_CONTRACTION_BREAKOUT,breakout_vol_expansion,stock_tech_s06_nr7_inside_bar_breakout_v1,0.6284477025913129,1.5174826816239535,-0.2357724361156277,0.5972396880383779,-0.13550614723543652,0.5833333333333334,214.0,3.3181818181818183,10.0,0.0,0.11306408238226422,
2024,2024-01-01,2024-12-31,candidate_stock_tech12,candidate,S7 2B false break reversal,TREND_RECLAIM_CONTINUATION,mean_reversion,stock_tech_s07_2b_false_break_reversal_v1,0.3991127138511179,1.5996019558688739,-0.10643015521064303,0.3805905533016116,-0.06368293145317938,0.6666666666666666,57.0,0.26859504132231404,2.0,0.0,0.06818181818181818,
2024,2024-01-01,2024-12-31,candidate_stock_tech12,candidate,S8 RSI2 bull mean reversion,TREND_RECLAIM_CONTINUATION,mean_reversion,stock_tech_s08_rsi2_bull_mean_reversion_v1,-0.14579007967369495,-0.35335651430841647,-0.26374295646801305,-0.14043187803444057,-0.09357487655832275,0.25,232.0,8.487603305785123,10.0,0.0,0.32591499409681224,
2024,2024-01-01,2024-12-31,candidate_stock_tech12,candidate,S9 three soldiers base breakout,VOLATILITY_CONTRACTION_BREAKOUT,breakout_vol_expansion,stock_tech_s09_three_soldiers_base_breakout_v1,-0.04943582159313875,-0.24123296752475035,-0.1836675952778003,-0.047521467046711785,-0.1375169950738917,0.5,78.0,0.44214876033057854,2.0,0.0,0.04132231404958678,
2024,2024-01-01,2024-12-31,candidate_stock_tech12,candidate,S10 island reversal,VOLATILITY_CONTRACTION_BREAKOUT,mean_reversion,stock_tech_s10_island_reversal_v1,-0.3304140323859892,-2.0859749861942496,-0.32768127976190475,-0.31967130303720237,-0.25720263888888895,0.0,20.0,0.08264462809917356,1.0,0.0,0.004132231404958678,
2024,2024-01-01,2024-12-31,candidate_stock_tech12,candidate,S11 gap breakout continuation,VOLATILITY_CONTRACTION_BREAKOUT,breakout_vol_expansion,stock_tech_s11_gap_breakout_continuation_v1,0.1462176914129958,0.5482198936941995,-0.2999803589481791,0.14002726475920824,-0.07932155546608555,0.5,234.0,6.2190082644628095,10.0,0.0,0.18394660894660894,
2024,2024-01-01,2024-12-31,active_strategy_spec,active,Pymoo NSGA-III novelty 0081 breadth trend impulse,TREND_RECLAIM_CONTINUATION,trend_following,alpha_miner_pymoo_nsga3_novelty_0081,-0.4316321080400788,-3.1581548862604034,-0.42147907792030215,-0.418745324739748,-0.08143570861625116,0.08333333333333333,242.0,333.1694214876033,470.0,281.0,0.701956579344462,
2024,2024-01-01,2024-12-31,active_strategy_spec,active,Pymoo NSGA-III novelty 0187 revenue short trend,REVENUE_QUALITY_MOMENTUM,trend_following,alpha_miner_pymoo_nsga3_novelty_0187,-0.45685286971114814,-3.14804702851552,-0.4480424432736474,-0.44353655954665816,-0.09898218096665357,0.08333333333333333,242.0,270.3388429752066,344.0,238.0,0.7123607516062493,
2024,2024-01-01,2024-12-31,active_strategy_spec,active,Pymoo NSGA-III novelty 0193 sentiment margin flow,SMART_MONEY_ACCUMULATION,defensive_accumulation,alpha_miner_pymoo_nsga3_novelty_0193,0.02823228317726456,0.24004257305043775,-0.18558049750042438,0.02709691382044266,-0.032084255065503386,0.5,242.0,515.2561983471074,570.0,490.0,0.04967855010895478,
2024,2024-01-01,2024-12-31,active_strategy_spec,active,AlphaBuilders multifactor revenue quality momentum,REVENUE_QUALITY_MOMENTUM,trend_following,alphabuilders_multifactor_revenue_quality_momentum_v1,0.05932607824365399,0.4456647859280959,-0.14712610748431,0.056906145467562785,-0.02750320402860873,0.5,242.0,647.5743801652893,1176.0,528.0,0.12637369202070617,
2024,2024-01-01,2024-12-31,active_strategy_spec,active,Breakout volume expansion seed,VOLATILITY_CONTRACTION_BREAKOUT,breakout_vol_expansion,breakout_vol_expansion_seed_v1,0.06153280267528993,0.40128642237452733,-0.18501617863361375,0.05902037312668851,-0.041655958862034326,0.4166666666666667,242.0,223.82231404958677,610.0,128.0,0.2593735942417,
2024,2024-01-01,2024-12-31,active_strategy_spec,active,Defensive accumulation seed,SMART_MONEY_ACCUMULATION,defensive_accumulation,defensive_accumulation_seed_v1,-0.060239216816128316,-0.35141416554003646,-0.18057579710736882,-0.05791940334249179,-0.036407986465334274,0.4166666666666667,242.0,535.0537190082645,977.0,327.0,0.27442219863829326,
2024,2024-01-01,2024-12-31,active_strategy_spec,active,FinLab AI broker accumulation reclaim,SMART_MONEY_ACCUMULATION,defensive_accumulation,finlab_ai_skill_broker_accumulation_reclaim_v1,-0.28802898245221775,-2.2642737657040715,-0.2807004736588301,-0.2783660031080324,-0.05348995468874096,0.08333333333333333,242.0,226.69834710743802,407.0,204.0,0.42860993494788174,
2024,2024-01-01,2024-12-31,active_strategy_spec,active,FinLab AI quality trend,REVENUE_QUALITY_MOMENTUM,trend_following,finlab_ai_skill_quality_trend_v1,-0.08543942535605498,-0.45775142661281715,-0.2144928624812954,-0.08219237139653801,-0.06414256130534346,0.4166666666666667,242.0,108.92148760330579,228.0,60.0,0.23055152248863678,
2024,2024-01-01,2024-12-31,active_strategy_spec,active,FinLab AI revenue revision breakout,REVENUE_QUALITY_MOMENTUM,breakout_vol_expansion,finlab_ai_skill_revenue_revision_breakout_v1,-0.1432784492047463,-0.47586034888751894,-0.3078529826915116,-0.138004927376691,-0.1336416456477274,0.4166666666666667,241.0,12.21900826446281,32.0,2.0,0.42285130806419874,
2024,2024-01-01,2024-12-31,active_strategy_spec,active,FinLab AI reversion value,REVENUE_QUALITY_MOMENTUM,mean_reversion,finlab_ai_skill_reversion_value_v1,-0.09395800146847111,-0.6787005153244182,-0.15234744813070644,-0.09040347506577484,-0.0479970958444258,0.4166666666666667,242.0,377.79338842975204,623.0,307.0,0.16790882669404367,
2024,2024-01-01,2024-12-31,active_strategy_spec,active,Trend following seed,TREND_RECLAIM_CONTINUATION,trend_following,trend_following_seed_v1,-0.0019068523288260364,0.07845366571027615,-0.1768519686054737,-0.001831252913127579,-0.03924550899531376,0.4166666666666667,242.0,386.1900826446281,919.0,223.0,0.23036959080493954,
2025,2025-01-01,2025-12-31,candidate_stock_tech12,candidate,S1 55d trend volume breakout,TREND_RECLAIM_CONTINUATION,breakout_vol_expansion,stock_tech_s01_55d_trend_volume_breakout_v1,0.1929249631850165,0.9845177691589867,-0.09462102247631266,0.1854328108699559,-0.021278930132298646,0.25,84.0,2.646090534979424,10.0,10.0,0.02171925011431184,
2025,2025-01-01,2025-12-31,candidate_stock_tech12,candidate,S2 52w dual momentum,TREND_RECLAIM_CONTINUATION,trend_following,stock_tech_s02_52w_dual_momentum_v1,0.03762079090090942,0.2755415315764332,-0.1737385635967874,0.03625313082313819,-0.10083700628185832,0.25,104.0,4.11522633744856,10.0,10.0,0.016152263374485595,
2025,2025-01-01,2025-12-31,candidate_stock_tech12,candidate,S3 VCP contraction breakout,VOLATILITY_CONTRACTION_BREAKOUT,breakout_vol_expansion,stock_tech_s03_vcp_contraction_breakout_v1,-0.16356281772991754,-1.3254990473226245,-0.21906528941773407,-0.15821037550160555,-0.14828946087113026,0.08333333333333333,38.0,0.5802469135802469,9.0,9.0,0.022599451303155004,
2025,2025-01-01,2025-12-31,candidate_stock_tech12,candidate,S4 MA deduct turn breakout,TREND_RECLAIM_CONTINUATION,trend_following,stock_tech_s04_ma_deduct_turn_breakout_v1,-0.08833084117051748,-0.1646343322236182,-0.3686145122405202,-0.08531481150205078,-0.2506678198524772,0.4166666666666667,127.0,2.925925925925926,10.0,9.0,0.06922725194330133,
2025,2025-01-01,2025-12-31,candidate_stock_tech12,candidate,S5 first dry pullback,TREND_RECLAIM_CONTINUATION,trend_following,stock_tech_s05_first_dry_pullback_v1,0.0,0.0,0.0,0.0,0.0,0.0,0.0,0.0,0.0,0.0,0.0,
2025,2025-01-01,2025-12-31,candidate_stock_tech12,candidate,S6 NR7 inside bar breakout,VOLATILITY_CONTRACTION_BREAKOUT,breakout_vol_expansion,stock_tech_s06_nr7_inside_bar_breakout_v1,-0.12442574844298049,-0.507135291696095,-0.281877709545469,-0.1202607948673503,-0.17966565475565888,0.16666666666666666,44.0,0.39094650205761317,6.0,4.0,0.0262002743484225,
2025,2025-01-01,2025-12-31,candidate_stock_tech12,candidate,S7 2B false break reversal,TREND_RECLAIM_CONTINUATION,mean_reversion,stock_tech_s07_2b_false_break_reversal_v1,-0.15365743995052505,-1.4282225489797726,-0.177871483807038,-0.14859966406130176,-0.12276913320110816,0.0,20.0,0.11522633744855967,2.0,0.0,0.01440329218106996,
2025,2025-01-01,2025-12-31,candidate_stock_tech12,candidate,S8 RSI2 bull mean reversion,TREND_RECLAIM_CONTINUATION,mean_reversion,stock_tech_s08_rsi2_bull_mean_reversion_v1,-0.192540107254505,-1.3804257880125517,-0.24751751812304001,-0.1863491765048082,-0.12379407928388497,0.16666666666666666,111.0,3.646090534979424,10.0,10.0,0.1577111503037429,
2025,2025-01-01,2025-12-31,candidate_stock_tech12,candidate,S9 three soldiers base breakout,VOLATILITY_CONTRACTION_BREAKOUT,breakout_vol_expansion,stock_tech_s09_three_soldiers_base_breakout_v1,-0.017074272986354888,-0.2469216544359394,-0.05600000000000005,-0.016469527355476465,-0.03054723630831646,0.08333333333333333,7.0,0.02880658436213992,1.0,0.0,0.00411522633744856,
2025,2025-01-01,2025-12-31,candidate_stock_tech12,candidate,S10 island reversal,VOLATILITY_CONTRACTION_BREAKOUT,mean_reversion,stock_tech_s10_island_reversal_v1,0.160356891649738,0.6719888031576556,-0.18776760611644183,0.1542097633009707,-0.03309597802149211,0.3333333333333333,62.0,0.9711934156378601,10.0,0.0,0.025148605395518976,
2025,2025-01-01,2025-12-31,candidate_stock_tech12,candidate,S11 gap breakout continuation,VOLATILITY_CONTRACTION_BREAKOUT,breakout_vol_expansion,stock_tech_s11_gap_breakout_continuation_v1,-0.055339243623687806,-0.1752736576578469,-0.21035745702577946,-0.05341661211163329,-0.1645459618254237,0.08333333333333333,58.0,1.551440329218107,10.0,9.0,0.05251975961852504,
2025,2025-01-01,2025-12-31,active_strategy_spec,active,Pymoo NSGA-III novelty 0081 breadth trend impulse,TREND_RECLAIM_CONTINUATION,trend_following,alpha_miner_pymoo_nsga3_novelty_0081,-0.45025432277682054,-2.588406442610453,-0.4411853133333893,-0.43838104384650867,-0.132683675387834,0.08333333333333333,243.0,342.69547325102883,493.0,393.0,0.7064376578351461,
2025,2025-01-01,2025-12-31,active_strategy_spec,active,Pymoo NSGA-III novelty 0187 revenue short trend,REVENUE_QUALITY_MOMENTUM,trend_following,alpha_miner_pymoo_nsga3_novelty_0187,-0.4823659094777927,-2.6784662382815463,-0.4783894030042958,-0.47004823924724115,-0.1431154865021762,0.08333333333333333,243.0,276.67489711934155,397.0,295.0,0.705295403251384,
2025,2025-01-01,2025-12-31,active_strategy_spec,active,Pymoo NSGA-III novelty 0193 sentiment margin flow,SMART_MONEY_ACCUMULATION,defensive_accumulation,alpha_miner_pymoo_nsga3_novelty_0193,-0.010944029785174836,0.08996056196849304,-0.32119804101054916,-0.010555241811457616,-0.11931042978281803,0.4166666666666667,243.0,524.6008230452675,580.0,557.0,0.04605162067837803,
2025,2025-01-01,2025-12-31,active_strategy_spec,active,AlphaBuilders multifactor revenue quality momentum,REVENUE_QUALITY_MOMENTUM,trend_following,alphabuilders_multifactor_revenue_quality_momentum_v1,-0.030720759312714563,-0.03024034558535093,-0.2793515657602591,-0.029640015498064942,-0.09617218520392723,0.4166666666666667,243.0,620.4115226337449,962.0,647.0,0.1315591313671657,
2025,2025-01-01,2025-12-31,active_strategy_spec,active,Breakout volume expansion seed,VOLATILITY_CONTRACTION_BREAKOUT,breakout_vol_expansion,breakout_vol_expansion_seed_v1,-0.05671385099930071,-0.1448962375712488,-0.23411835160854755,-0.05474485866490919,-0.10422724228988356,0.3333333333333333,243.0,177.81893004115227,452.0,215.0,0.2768179694936131,
2025,2025-01-01,2025-12-31,active_strategy_spec,active,Defensive accumulation seed,SMART_MONEY_ACCUMULATION,defensive_accumulation,defensive_accumulation_seed_v1,-0.17990665585595678,-0.9629753893888519,-0.24155611925235243,-0.1740769277229054,-0.09227346072801756,0.3333333333333333,243.0,484.30864197530866,903.0,540.0,0.2976747511924302,
2025,2025-01-01,2025-12-31,active_strategy_spec,active,FinLab AI broker accumulation reclaim,SMART_MONEY_ACCUMULATION,defensive_accumulation,finlab_ai_skill_broker_accumulation_reclaim_v1,-0.3961283524596174,-2.5896689478999666,-0.3851516028627505,-0.3851516028627505,-0.10685253055632349,0.16666666666666666,243.0,210.19341563786008,397.0,229.0,0.43534632375872745,
2025,2025-01-01,2025-12-31,active_strategy_spec,active,FinLab AI quality trend,REVENUE_QUALITY_MOMENTUM,trend_following,finlab_ai_skill_quality_trend_v1,-0.18568440143407083,-0.8882009989360466,-0.22786849662403474,-0.1796886377968513,-0.09015494612977348,0.3333333333333333,243.0,97.04526748971193,279.0,94.0,0.25751831601729575,
2025,2025-01-01,2025-12-31,active_strategy_spec,active,FinLab AI revenue revision breakout,REVENUE_QUALITY_MOMENTUM,breakout_vol_expansion,finlab_ai_skill_revenue_revision_breakout_v1,-0.2868004561123382,-1.031140023487477,-0.3464777542260885,-0.2781390993829549,-0.12132851625739982,0.3333333333333333,240.0,9.76954732510288,28.0,11.0,0.44569134465220706,
2025,2025-01-01,2025-12-31,active_strategy_spec,active,FinLab AI reversion value,REVENUE_QUALITY_MOMENTUM,mean_reversion,finlab_ai_skill_reversion_value_v1,-0.23995098172118845,-1.2572064280102648,-0.26999060340077674,-0.23246664220847413,-0.0820923834327223,0.16666666666666666,243.0,411.9012345679012,821.0,472.0,0.1712972473625419,
2025,2025-01-01,2025-12-31,active_strategy_spec,active,Trend following seed,TREND_RECLAIM_CONTINUATION,trend_following,trend_following_seed_v1,-0.07722627616127453,-0.29205792343166764,-0.22185877231536133,-0.074573740459698,-0.09667083971202584,0.3333333333333333,243.0,323.9753086419753,878.0,408.0,0.24757672118247576,
2026,2026-01-01,2026-06-15,candidate_stock_tech12,candidate,S1 55d trend volume breakout,TREND_RECLAIM_CONTINUATION,breakout_vol_expansion,stock_tech_s01_55d_trend_volume_breakout_v1,1.70769762630202,2.908228885008165,-0.10289470307064574,0.5204310697329606,-0.05147095367402499,0.8333333333333334,106.0,10.0,10.0,10.0,0.03301886792452831,
2026,2026-01-01,2026-06-15,candidate_stock_tech12,candidate,S2 52w dual momentum,TREND_RECLAIM_CONTINUATION,trend_following,stock_tech_s02_52w_dual_momentum_v1,2.682048219594901,2.615777859822656,-0.19463886970566102,0.7302824387149884,-0.0781940934856511,0.8333333333333334,106.0,10.0,10.0,10.0,0.039622641509433974,
2026,2026-01-01,2026-06-15,candidate_stock_tech12,candidate,S3 VCP contraction breakout,VOLATILITY_CONTRACTION_BREAKOUT,breakout_vol_expansion,stock_tech_s03_vcp_contraction_breakout_v1,-0.20690936688961048,-0.3515858840467561,-0.2581597793702104,-0.09290731931575902,-0.1572493101408856,0.5,79.0,2.4339622641509435,10.0,0.0,0.09099655585504642,
2026,2026-01-01,2026-06-15,candidate_stock_tech12,candidate,S4 MA deduct turn breakout,TREND_RECLAIM_CONTINUATION,trend_following,stock_tech_s04_ma_deduct_turn_breakout_v1,4.376549558942328,4.82599474460416,-0.08414708324286535,1.0289686944832517,-0.004894772760815291,0.8333333333333334,106.0,8.264150943396226,10.0,6.0,0.09138215034441446,
2026,2026-01-01,2026-06-15,candidate_stock_tech12,candidate,S5 first dry pullback,TREND_RECLAIM_CONTINUATION,trend_following,stock_tech_s05_first_dry_pullback_v1,0.0,0.0,0.0,0.0,0.0,0.0,0.0,0.0,0.0,0.0,0.0,
2026,2026-01-01,2026-06-15,candidate_stock_tech12,candidate,S6 NR7 inside bar breakout,VOLATILITY_CONTRACTION_BREAKOUT,breakout_vol_expansion,stock_tech_s06_nr7_inside_bar_breakout_v1,1.4447046221266033,2.0290113461475747,-0.12069079566740226,0.45647011638974977,-0.09711767577947361,0.6666666666666666,100.0,3.8679245283018866,10.0,1.0,0.14261380652890088,
2026,2026-01-01,2026-06-15,candidate_stock_tech12,candidate,S7 2B false break reversal,TREND_RECLAIM_CONTINUATION,mean_reversion,stock_tech_s07_2b_false_break_reversal_v1,0.0133391323104457,0.20610830265683322,-0.06946365199449789,0.0055893746440356384,-0.06946365199449789,0.16666666666666666,10.0,0.11320754716981132,2.0,0.0,0.018867924528301886,
2026,2026-01-01,2026-06-15,candidate_stock_tech12,candidate,S8 RSI2 bull mean reversion,TREND_RECLAIM_CONTINUATION,mean_reversion,stock_tech_s08_rsi2_bull_mean_reversion_v1,-0.05241487934322275,0.0677352552515808,-0.17329239623560777,-0.022391853016165753,-0.10212588846436998,0.3333333333333333,104.0,8.179245283018869,10.0,10.0,0.3293501048218029,
2026,2026-01-01,2026-06-15,candidate_stock_tech12,candidate,S9 three soldiers base breakout,VOLATILITY_CONTRACTION_BREAKOUT,breakout_vol_expansion,stock_tech_s09_three_soldiers_base_breakout_v1,-0.05596789921866041,-0.6865109075070155,-0.041953680654338465,-0.023935407413080645,-0.023935407413080645,0.0,9.0,0.08490566037735849,1.0,0.0,0.018867924528301886,
2026,2026-01-01,2026-06-15,candidate_stock_tech12,candidate,S10 island reversal,VOLATILITY_CONTRACTION_BREAKOUT,mean_reversion,stock_tech_s10_island_reversal_v1,0.07946838004732792,1.0188081454972269,-0.029291803675048467,0.032688294547881025,0.0,0.16666666666666666,6.0,0.0660377358490566,2.0,0.0,0.02358490566037736,
2026,2026-01-01,2026-06-15,candidate_stock_tech12,candidate,S11 gap breakout continuation,VOLATILITY_CONTRACTION_BREAKOUT,breakout_vol_expansion,stock_tech_s11_gap_breakout_continuation_v1,2.8230997063197423,3.189488858524422,-0.16306505022762774,0.7578602675620223,-0.1120135691065941,0.8333333333333334,106.0,7.867924528301887,10.0,4.0,0.1678459119496855,
2026,2026-01-01,2026-06-15,active_strategy_spec,active,Pymoo NSGA-III novelty 0081 breadth trend impulse,TREND_RECLAIM_CONTINUATION,trend_following,alpha_miner_pymoo_nsga3_novelty_0081,-0.2843386380665297,-1.5634366323965276,-0.15869287650851538,-0.13126977766868797,-0.10791314315645084,0.3333333333333333,106.0,383.60377358490564,527.0,341.0,0.6949758283867267,
2026,2026-01-01,2026-06-15,active_strategy_spec,active,Pymoo NSGA-III novelty 0187 revenue short trend,REVENUE_QUALITY_MOMENTUM,trend_following,alpha_miner_pymoo_nsga3_novelty_0187,-0.3479059740283983,-2.025267678871701,-0.1889850537700266,-0.16460399365146905,-0.10628214030316596,0.16666666666666666,106.0,308.85849056603774,364.0,302.0,0.6936135119480884,
2026,2026-01-01,2026-06-15,active_strategy_spec,active,Pymoo NSGA-III novelty 0193 sentiment margin flow,SMART_MONEY_ACCUMULATION,defensive_accumulation,alpha_miner_pymoo_nsga3_novelty_0193,0.8972423629283763,2.5754518013047445,-0.08277165401231867,0.30914625439535603,-0.060089004659724554,0.8333333333333334,106.0,564.6981132075472,618.0,539.0,0.040723570994350304,
2026,2026-01-01,2026-06-15,active_strategy_spec,active,AlphaBuilders multifactor revenue quality momentum,REVENUE_QUALITY_MOMENTUM,trend_following,alphabuilders_multifactor_revenue_quality_momentum_v1,0.6493837625589769,2.630302910054503,-0.0647680094650247,0.23427832441082574,-0.05477348314820796,0.8333333333333334,106.0,762.2830188679245,1050.0,780.0,0.11987297605575653,
2026,2026-01-01,2026-06-15,active_strategy_spec,active,Breakout volume expansion seed,VOLATILITY_CONTRACTION_BREAKOUT,breakout_vol_expansion,breakout_vol_expansion_seed_v1,0.634317040850332,2.209937532832586,-0.09729404664592367,0.22952312507806494,-0.055472123368329296,0.6666666666666666,106.0,278.6792452830189,546.0,243.0,0.26276743862153584,
2026,2026-01-01,2026-06-15,active_strategy_spec,active,Defensive accumulation seed,SMART_MONEY_ACCUMULATION,defensive_accumulation,defensive_accumulation_seed_v1,0.48768191840147934,2.2429733013201187,-0.07949844250642124,0.18185382666570815,-0.05137042924307722,0.8333333333333334,106.0,630.6132075471698,1010.0,512.0,0.2702484466350586,
2026,2026-01-01,2026-06-15,active_strategy_spec,active,FinLab AI broker accumulation reclaim,SMART_MONEY_ACCUMULATION,defensive_accumulation,finlab_ai_skill_broker_accumulation_reclaim_v1,0.06932845213071492,0.4664349361128456,-0.10965969339800175,0.028596766373551352,-0.08497489020450133,0.5,106.0,277.5377358490566,470.0,215.0,0.4163501244044651,
2026,2026-01-01,2026-06-15,active_strategy_spec,active,FinLab AI quality trend,REVENUE_QUALITY_MOMENTUM,trend_following,finlab_ai_skill_quality_trend_v1,0.5589937047046429,2.2745282091606223,-0.06617470653476853,0.2053608254938526,-0.06617470653476787,0.6666666666666666,106.0,130.67924528301887,211.0,137.0,0.23774814845267092,
2026,2026-01-01,2026-06-15,active_strategy_spec,active,FinLab AI revenue revision breakout,REVENUE_QUALITY_MOMENTUM,breakout_vol_expansion,finlab_ai_skill_revenue_revision_breakout_v1,0.4795262189962446,1.4223900285324342,-0.08603100107483275,0.17912414904180451,-0.05409300861067323,0.5,106.0,21.28301886792453,49.0,23.0,0.41741817226041167,
2026,2026-01-01,2026-06-15,active_strategy_spec,active,FinLab AI reversion value,REVENUE_QUALITY_MOMENTUM,mean_reversion,finlab_ai_skill_reversion_value_v1,0.03649312780786462,0.34000379025642885,-0.07291625181962247,0.015191055703979606,-0.06168492149558247,0.8333333333333334,106.0,460.4433962264151,646.0,312.0,0.141181530077767,
2026,2026-01-01,2026-06-15,active_strategy_spec,active,Trend following seed,TREND_RECLAIM_CONTINUATION,trend_following,trend_following_seed_v1,0.6992700403848018,2.5155056002416174,-0.06717430940157532,0.24984571774539233,-0.0597273935158803,0.6666666666666666,106.0,467.62264150943395,812.0,483.0,0.2283212690887177,
daily_proxy_unsupported,2020-01-01,2026-06-15,candidate_stock_tech12,candidate,S12 multi-timeframe SMC reclaim,SMC_STRUCTURE_RECLAIM,breakout_vol_expansion,stock_tech_s12_multitimeframe_smc_reclaim_v1,,,,,,,,,,,,requires_intraday_15m_1h_4h_replay
